event_id,airport,tmi_type,constraint_type,state_peak_hour,delay_peak_hour,cancel_peak_hour,state_peak,delay_peak,cancel_peak,arrivals
0,SFO,GDP,weather constraint,4,7,0,4.100461458333333,0.2333333333333333,0.125,419
1,DEN,GS,weather constraint,5,3,5,4.662470770833332,0.3421052631578947,0.0666666666666666,910
2,DEN,GS,weather constraint,4,2,4,4.662470770833332,0.3421052631578947,0.0666666666666666,898
3,DEN,GDP,weather constraint,3,1,3,4.662470770833332,0.3421052631578947,0.0666666666666666,896
4,DEN,GS,weather constraint,2,12,14,4.5239301349850525,0.3333333333333333,0.1016949152542373,893
5,DEN,GS,weather constraint,2,12,14,4.5239301349850525,0.3333333333333333,0.1016949152542373,893
6,DFW,GS,weather constraint,13,9,-5,9.86149385522977,0.92,1.0,898
7,DFW,GDP,weather constraint,12,18,-6,9.86149385522977,1.0,1.0,899
8,DFW,GS,other constraint,10,16,11,9.86149385522977,1.0,0.463768115942029,903
9,DFW,GDP,weather constraint,10,16,11,9.86149385522977,1.0,0.463768115942029,903
10,DFW,GS,weather constraint,10,16,11,9.86149385522977,1.0,0.463768115942029,903
11,DFW,GS,weather constraint,10,16,11,9.86149385522977,1.0,0.463768115942029,903
12,DFW,GS,weather constraint,7,13,8,9.86149385522977,1.0,0.463768115942029,961
13,DFW,GS,weather constraint,3,9,4,9.86149385522977,1.0,0.463768115942029,972
14,ORD,GDP,weather constraint,12,6,8,9.990274112158962,0.639344262295082,0.3478260869565217,751
15,CLT,GS,weather constraint,1,17,-1,1.165,0.5,0.2142857142857142,611
16,ORD,GS,weather constraint,13,7,9,9.990274112158962,0.639344262295082,0.3478260869565217,757
17,ORD,GS,weather constraint,12,6,8,9.990274112158962,0.639344262295082,0.3478260869565217,751
18,SFO,GDP,weather constraint,7,17,1,6.802443865564028,1.0,0.073170731707317,402
19,ORD,GS,weather constraint,11,5,7,9.990274112158962,0.639344262295082,0.3478260869565217,750
20,ORD,GDP,weather constraint,12,6,8,9.990274112158962,0.639344262295082,0.3478260869565217,751
21,JFK,GDP,weather constraint,9,1,7,7.693469843703449,0.4545454545454545,0.1428571428571428,308
22,LGA,GDP,weather constraint,6,4,-5,6.016587411458333,0.375,0.2352941176470588,400
23,SFO,GS,weather constraint,6,16,0,6.802443865564028,1.0,0.073170731707317,402
24,SFO,GDP,weather constraint,7,17,1,6.802443865564028,1.0,0.073170731707317,402
25,DFW,GS,weather constraint,3,9,4,9.86149385522977,1.0,0.463768115942029,972
26,JFK,GS,weather constraint,6,-2,4,7.693469843703449,0.4545454545454545,0.1428571428571428,302
27,LGA,GDP,weather constraint,13,11,-2,11.736050849900183,0.391304347826087,0.2,384
28,DEN,GDP,weather constraint,6,2,5,6.095234148164567,0.4848484848484848,0.0714285714285714,732
29,DEN,GS,weather constraint,6,2,5,6.095234148164567,0.4848484848484848,0.0714285714285714,732
30,DEN,GDP,weather constraint,6,2,5,6.095234148164567,0.4848484848484848,0.0714285714285714,732
31,EWR,GS,weather constraint,7,5,-6,6.24936651015625,0.3529411764705882,0.1176470588235294,343
32,EWR,GDP,weather constraint,6,4,-2,6.24936651015625,0.3529411764705882,0.0625,338
33,LGA,GS,other constraint,5,3,-1,11.736050849900183,0.391304347826087,0.0454545454545454,410
34,JFK,GS,demand constraint,2,10,-2,3.669932459764285,1.0,0.0666666666666666,269
35,LGA,GS,weather constraint,13,12,-1,13.357425565872799,0.6521739130434783,0.0,386
36,LGA,GDP,weather constraint,12,11,-2,13.357425565872799,0.6521739130434783,0.0,386
37,JFK,GS,runway or surface constraint,8,3,-6,4.596780119318368,0.125,0.0,263
38,JFK,GS,runway or surface constraint,8,3,-6,4.596780119318368,0.125,0.0,263
39,EWR,GS,demand constraint,1,16,-6,4.023220966170962,0.1578947368421052,0.0,343
40,EWR,GS,demand constraint,1,16,-6,4.023220966170962,0.1578947368421052,0.0,343
41,JFK,GS,weather constraint,4,-1,-6,4.596780119318368,0.125,0.0,272
42,JFK,GS,demand constraint,2,-3,-6,4.596780119318368,0.125,0.0,272
43,LGA,GDP,weather constraint,13,10,11,13.766450464627319,0.75,0.16,391
44,DEN,GDP,weather constraint,3,17,10,4.2993199834233184,1.0,0.1038961038961039,806
45,DFW,GS,weather constraint,9,15,5,7.526958391065813,0.25,1.0,873
46,DEN,GS,other constraint,3,17,10,4.2993199834233184,1.0,0.1038961038961039,806
47,DFW,GS,weather constraint,8,14,4,7.526958391065813,0.25,1.0,875
48,LGA,GS,weather constraint,11,8,9,13.766450464627319,0.75,0.16,391
49,LGA,GDP,weather constraint,13,10,11,13.766450464627319,0.75,0.16,391
50,DFW,GS,weather constraint,7,13,3,7.526958391065813,0.25,1.0,880
51,LGA,GS,weather constraint,2,1,17,13.357425565872799,0.6521739130434783,0.05,411
52,DFW,GS,other constraint,6,12,2,7.526958391065813,0.25,1.0,905
53,EWR,GS,weather constraint,7,14,10,7.628941024808321,1.0,0.1666666666666666,352
54,EWR,GDP,weather constraint,6,13,9,7.628941024808321,1.0,0.1666666666666666,347
55,DFW,GS,other constraint,4,10,0,7.526958391065813,0.25,1.0,930
56,JFK,GDP,weather constraint,5,3,18,6.432272255550303,0.3043478260869565,0.1428571428571428,289
57,DFW,GS,other constraint,3,9,-1,7.526958391065813,0.25,1.0,938
58,EWR,GS,weather constraint,3,10,6,7.628941024808321,1.0,0.1666666666666666,350
59,EWR,GS,weather constraint,3,10,6,7.628941024808321,1.0,0.1666666666666666,350
60,LGA,GS,weather constraint,1,0,16,13.357425565872799,0.6521739130434783,0.05,413
61,ATL,GS,other constraint,16,11,-6,11.25415440507331,0.3043478260869565,1.0,770
62,ORD,GS,weather constraint,11,11,8,2.881119165119321,0.4696969696969697,0.1578947368421052,725
63,ATL,GS,other constraint,14,9,3,11.25415440507331,0.3043478260869565,0.9166666666666666,769
64,ATL,GS,other constraint,14,9,3,11.25415440507331,0.3043478260869565,0.9166666666666666,769
65,ATL,GS,other constraint,13,8,2,11.25415440507331,0.3043478260869565,0.9166666666666666,769
66,DFW,GDP,other constraint,8,7,-6,8.968679590377898,0.5964912280701754,0.8571428571428571,835
67,ATL,GDP,other constraint,10,5,-1,11.25415440507331,0.3043478260869565,0.9166666666666666,798
68,ATL,GS,other constraint,8,18,-3,11.25415440507331,0.3829787234042553,0.9166666666666666,807
69,ATL,GS,other constraint,8,18,-3,11.25415440507331,0.3829787234042553,0.9166666666666666,807
70,ATL,GS,other constraint,7,17,-4,11.25415440507331,0.3829787234042553,0.9166666666666666,801
71,ORD,GS,weather constraint,2,2,16,2.881119165119321,0.4696969696969697,0.1794871794871795,725
72,EWR,GS,weather constraint,1,8,4,7.628941024808321,1.0,0.1666666666666666,356
73,ORD,GS,weather constraint,2,2,16,2.881119165119321,0.4696969696969697,0.1794871794871795,725
74,ATL,GS,other constraint,5,15,-6,11.25415440507331,0.3829787234042553,0.9166666666666666,779
75,ATL,GDP,other constraint,10,5,-1,11.25415440507331,0.3043478260869565,0.9166666666666666,798
76,ATL,GDP,other constraint,4,10,-1,10.589010444227595,0.4871794871794871,0.7,662
77,ATL,GS,other constraint,5,15,-6,11.25415440507331,0.3829787234042553,0.9166666666666666,779
78,DEN,GDP,facility constraint,3,6,5,3.9363848680952183,0.1818181818181818,0.0909090909090909,816
79,EWR,GDP,facility constraint,6,1,-6,6.066634356896097,0.1428571428571428,0.0,348
80,EWR,GDP,facility constraint,6,1,-6,6.066634356896097,0.1428571428571428,0.0,348
81,LGA,GS,demand constraint,0,3,-6,0.9845742042841769,0.0769230769230769,0.0,377
82,EWR,GDP,facility constraint,4,2,18,4.5205905681223255,0.3333333333333333,0.2666666666666666,312
83,JFK,GDP,weather constraint,8,6,14,7.395042305946252,0.5833333333333334,1.0,280
84,CLT,GS,weather constraint,1,2,8,1.2533334245671854,0.2631578947368421,0.1666666666666666,585
85,LGA,GS,weather constraint,9,8,4,6.487740580195109,0.4,0.5,366
86,CLT,GS,weather constraint,0,1,7,1.2533334245671854,0.2631578947368421,0.1666666666666666,571
87,LGA,GS,weather constraint,6,5,1,6.487740580195109,0.4,0.5,401
88,LGA,GS,weather constraint,4,3,-1,6.487740580195109,0.4,0.5,404
89,JFK,GS,weather constraint,3,1,9,7.395042305946252,0.5833333333333334,1.0,283
90,LGA,GS,weather constraint,3,2,-2,6.487740580195109,0.4,0.5,407
91,JFK,GS,weather constraint,2,0,8,7.395042305946252,0.5833333333333334,1.0,293
92,LGA,GS,weather constraint,2,1,-3,6.487740580195109,0.4,0.5,407
93,LGA,GS,weather constraint,3,2,-2,6.487740580195109,0.4,0.5,407
94,LGA,GS,weather constraint,5,4,0,6.487740580195109,0.4,0.5,399
95,LGA,GDP,weather constraint,2,1,-3,6.487740580195109,0.4,0.5,407
96,JFK,GS,weather constraint,1,-1,7,7.395042305946252,0.5833333333333334,1.0,289
97,EWR,GDP,facility constraint,6,3,17,6.402002070184444,0.3809523809523809,0.1333333333333333,348
98,JFK,GS,demand constraint,2,4,12,3.6677525858066766,0.3333333333333333,0.125,283
99,EWR,GS,facility constraint,4,1,15,6.402002070184444,0.3809523809523809,0.1333333333333333,343
100,ATL,GDP,other constraint,18,3,17,6.818117528751325,0.5,0.4716981132075472,830
101,ATL,GS,other constraint,18,3,17,6.818117528751325,0.5,0.4716981132075472,830
102,ATL,GS,weather constraint,18,2,16,7.477211652313759,0.5,0.4716981132075472,824
103,ATL,GS,weather constraint,18,18,15,8.103351069698071,0.5454545454545454,0.4716981132075472,815
104,CLT,GS,facility constraint,11,4,0,9.014690301989248,0.2115384615384615,0.5,513
105,ATL,GS,other constraint,18,18,15,8.103351069698071,0.5454545454545454,0.4716981132075472,815
106,ATL,GDP,other constraint,11,5,2,11.2382031790558,0.5454545454545454,0.4716981132075472,766
107,CLT,GDP,facility constraint,10,3,-1,9.014690301989248,0.2115384615384615,0.5,512
108,ATL,GS,other constraint,11,5,2,11.2382031790558,0.5454545454545454,0.4716981132075472,766
109,ATL,GS,other constraint,10,4,1,11.2382031790558,0.5454545454545454,0.4716981132075472,766
110,ATL,GS,other constraint,10,4,1,11.2382031790558,0.5454545454545454,0.4716981132075472,766
111,LGA,GS,other constraint,1,7,0,1.663678841450504,0.1153846153846153,0.1333333333333333,384
112,ATL,GS,weather constraint,18,17,14,8.698183516213167,0.5454545454545454,0.4716981132075472,823
113,ATL,GS,other constraint,10,4,1,11.2382031790558,0.5454545454545454,0.4716981132075472,766
114,ATL,GDP,other constraint,8,2,-1,11.2382031790558,0.5454545454545454,0.4716981132075472,766
115,ATL,GS,other constraint,18,16,13,9.263274340402507,0.5454545454545454,0.4716981132075472,823
116,DEN,GS,weather constraint,11,4,-6,8.891731669619078,0.5185185185185185,0.0,702
117,DEN,GS,weather constraint,11,4,-6,8.891731669619078,0.5185185185185185,0.0,702
118,DEN,GDP,weather constraint,9,2,-3,8.891731669619078,0.5185185185185185,0.0,701
119,CLT,GS,weather constraint,1,6,-6,1.2623430323347664,0.1428571428571428,0.0,554
120,LGA,GS,weather constraint,8,3,-6,6.892393946627686,0.1304347826086956,0.0,400
121,LGA,GDP,weather constraint,7,2,-6,6.892393946627686,0.1304347826086956,0.0,398
122,LGA,GS,weather constraint,6,7,17,7.448926261437398,0.1363636363636363,0.1176470588235294,400
123,LGA,GDP,weather constraint,5,6,16,7.448926261437398,0.1363636363636363,0.1176470588235294,409
124,EWR,GS,demand constraint,0,7,18,0.9334676942384857,0.1666666666666666,0.0588235294117647,342
125,DFW,GS,weather constraint,3,1,5,3.872776250534396,0.6290322580645161,0.6666666666666666,848
126,DFW,GS,other constraint,2,0,4,3.872776250534396,0.6290322580645161,0.6666666666666666,805
127,DFW,GS,other constraint,2,0,4,3.872776250534396,0.6290322580645161,0.6666666666666666,805
128,DFW,GS,weather constraint,4,2,6,3.872776250534396,0.6290322580645161,0.6666666666666666,807
129,EWR,GDP,weather constraint,-6,5,1,0.13292182434398017,0.2,0.05,239
130,SFO,GS,weather constraint,1,5,8,1.3800000000004196,0.15,0.0571428571428571,195
131,SFO,GDP,weather constraint,0,4,7,1.3800000000004196,0.15,0.0571428571428571,194
132,SFO,GDP,weather constraint,14,2,1,10.670177363638555,0.375,0.0277777777777777,294
133,SFO,GDP,weather constraint,15,12,2,14.140595904331967,0.8181818181818182,0.1,364
134,SFO,GDP,weather constraint,15,12,2,14.140595904331967,0.8181818181818182,0.1,364
135,LGA,GS,weather constraint,1,4,-6,2.0041451776348596,0.1363636363636363,0.0,414
136,SFO,GDP,weather constraint,15,10,12,15.326365428639415,0.7142857142857143,0.217391304347826,361
137,LAX,GS,weather constraint,3,2,2,2.6453687500000003,0.2391304347826087,0.0652173913043478,514
138,LAX,GS,weather constraint,1,0,0,2.6453687500000003,0.2391304347826087,0.0652173913043478,508
139,LGA,GS,weather constraint,1,4,-6,2.0041451776348596,0.1363636363636363,0.0,414
140,SFO,GDP,weather constraint,10,8,16,14.108088893121282,0.5,0.2,304
141,DEN,GS,weather constraint,2,13,1,1.831810375782895,0.1538461538461538,0.0238095238095238,726
142,DEN,GS,weather constraint,1,12,0,1.831810375782895,0.1538461538461538,0.0238095238095238,726
143,SFO,GS,weather constraint,4,2,10,14.108088893121282,0.5,0.2,315
144,SFO,GS,weather constraint,5,0,2,15.326365428639415,0.7142857142857143,0.217391304347826,368
145,SFO,GS,weather constraint,2,0,8,14.108088893121282,0.5,0.2,316
146,DEN,GDP,weather constraint,6,4,18,5.802369065272003,0.4814814814814814,0.0444444444444444,796
147,EWR,GS,other constraint,17,5,7,11.976365169322692,0.8823529411764706,0.0714285714285714,342
148,LGA,GDP,weather constraint,13,6,-1,10.260339869604815,0.2962962962962963,0.4117647058823529,391
149,EWR,GDP,weather constraint,16,4,6,11.976365169322692,0.8823529411764706,0.0714285714285714,337
150,SFO,GS,weather constraint,16,10,13,12.213099251965913,0.8095238095238095,0.15,362
151,SFO,GDP,weather constraint,15,9,12,12.213099251965913,0.8095238095238095,0.15,362
152,LGA,GS,weather constraint,9,2,-5,10.260339869604815,0.2962962962962963,0.4117647058823529,391
153,JFK,GDP,demand constraint,4,10,-2,4.5077145860315575,1.0,0.1111111111111111,288
154,EWR,GS,weather constraint,8,-4,-2,11.976365169322692,0.8823529411764706,0.0714285714285714,350
155,EWR,GDP,weather constraint,16,4,6,11.976365169322692,0.8823529411764706,0.0714285714285714,337
156,SFO,GS,weather constraint,8,2,5,12.213099251965913,0.8095238095238095,0.15,406
157,DEN,GS,weather constraint,1,7,18,2.989231314619909,0.25,0.0384615384615384,868
158,EWR,GS,other constraint,2,-4,2,4.794530828717779,1.0,0.3157894736842105,342
159,EWR,GS,other constraint,4,-2,-5,4.794530828717779,1.0,0.3333333333333333,341
160,ATL,GDP,runway or surface constraint,17,6,5,4.9407727608618535,0.2222222222222222,0.1111111111111111,804
161,DEN,GS,weather constraint,5,3,5,5.28722136294658,0.3698630136986301,0.0909090909090909,773
162,DEN,GDP,weather constraint,5,3,5,5.28722136294658,0.3698630136986301,0.0909090909090909,773
163,ATL,GDP,runway or surface constraint,13,17,2,6.910773460628574,1.0,0.0227272727272727,768
164,ORD,GDP,weather constraint,10,9,6,8.607331487804132,0.7777777777777778,0.2,696
165,ATL,GDP,runway or surface constraint,4,8,13,6.910773460628574,1.0,0.0625,833
166,ORD,GDP,weather constraint,10,9,6,8.607331487804132,0.7777777777777778,0.2,696
167,ORD,GDP,weather constraint,10,9,6,8.607331487804132,0.7777777777777778,0.2,696
168,ORD,GS,weather constraint,2,1,-2,8.607331487804132,0.7777777777777778,0.2,757
169,SFO,GDP,weather constraint,14,6,11,10.719718726582919,0.875,0.2692307692307692,390
170,ORD,GS,weather constraint,3,2,-1,8.607331487804132,0.7777777777777778,0.2,754
171,SFO,GS,weather constraint,12,4,9,10.719718726582919,0.875,0.2692307692307692,390
172,SFO,GDP,weather constraint,14,6,11,10.719718726582919,0.875,0.2692307692307692,390
173,SFO,GDP,weather constraint,3,1,-1,9.196091076607727,0.2941176470588235,0.0714285714285714,385
174,SFO,GS,weather constraint,2,0,-2,9.196091076607727,0.2941176470588235,0.0714285714285714,385
175,DEN,GDP,weather constraint,6,3,5,7.1025301584483085,0.75,0.2,851
176,ATL,GS,weather constraint,1,14,10,1.449301344746162,0.4411764705882353,0.024390243902439,717
177,DEN,GS,facility constraint,13,10,12,7.1025301584483085,0.75,0.2,765
178,DEN,GS,weather constraint,15,3,13,1.978821354013272,0.3333333333333333,0.0588235294117647,883
179,JFK,GDP,weather constraint,7,11,12,6.7149874703597145,1.0,0.3333333333333333,282
180,EWR,GS,weather constraint,1,5,17,1.2269712155633272,0.25,0.0952380952380952,327
181,DEN,GS,weather constraint,6,3,5,7.1025301584483085,0.75,0.2,851
182,JFK,GS,weather constraint,10,14,4,11.693860974327311,1.0,0.3333333333333333,310
183,EWR,GS,weather constraint,10,3,5,10.455628245799627,0.7083333333333334,0.32,365
184,JFK,GS,weather constraint,9,13,3,11.693860974327311,1.0,0.3333333333333333,307
185,LGA,GS,weather constraint,8,4,7,9.481032006769725,0.5833333333333334,0.5263157894736842,388
186,EWR,GS,weather constraint,9,2,4,10.455628245799627,0.7083333333333334,0.32,363
187,LGA,GS,weather constraint,8,4,7,9.481032006769725,0.5833333333333334,0.5263157894736842,388
188,JFK,GS,weather constraint,9,13,3,11.693860974327311,1.0,0.3333333333333333,307
189,LGA,GDP,weather constraint,10,6,9,9.481032006769725,0.5833333333333334,0.5263157894736842,355
190,EWR,GDP,weather constraint,13,6,8,10.455628245799627,0.7083333333333334,0.32,355
191,JFK,GDP,weather constraint,12,16,6,11.693860974327311,1.0,0.3333333333333333,302
192,LGA,GS,weather constraint,6,2,5,9.481032006769725,0.5833333333333334,0.5263157894736842,403
193,EWR,GS,weather constraint,7,0,2,10.455628245799627,0.7083333333333334,0.32,368
194,JFK,GS,other constraint,7,11,1,11.693860974327311,1.0,0.3333333333333333,307
195,EWR,GDP,weather constraint,13,6,8,10.455628245799627,0.7083333333333334,0.32,355
196,LGA,GDP,weather constraint,10,6,9,9.481032006769725,0.5833333333333334,0.5263157894736842,355
197,LGA,GS,weather constraint,12,8,11,9.481032006769725,0.5833333333333334,0.5263157894736842,338
198,LGA,GS,weather constraint,12,8,11,9.481032006769725,0.5833333333333334,0.5263157894736842,338
199,LGA,GS,weather constraint,18,-2,1,10.41385551297701,0.5833333333333334,0.5263157894736842,410
200,LGA,GS,weather constraint,13,10,-3,13.640355890019935,0.72,0.3529411764705882,391
201,LGA,GDP,weather constraint,13,10,-3,13.640355890019935,0.72,0.3529411764705882,391
202,EWR,GDP,weather constraint,11,7,3,12.105340681668618,0.68,0.1304347826086956,357
203,JFK,GDP,weather constraint,5,4,10,8.875684001514466,0.4761904761904761,1.0,316
204,JFK,GDP,weather constraint,6,11,-5,7.740643778087292,1.0,0.0588235294117647,302
205,EWR,GS,other constraint,-6,5,17,5.903471764119114,0.2857142857142857,0.1,362
206,DFW,GS,other constraint,1,-3,-2,1.3550000000447004,0.6666666666666666,0.2857142857142857,767
207,CLT,GDP,other constraint,7,15,5,6.7149247075522895,1.0,0.3478260869565217,593
208,CLT,GDP,other constraint,7,15,5,6.7149247075522895,1.0,0.3478260869565217,593
209,EWR,GDP,weather constraint,5,3,-6,5.328003525199122,0.32,0.0,372
210,JFK,GDP,weather constraint,6,11,17,6.176536047614311,1.0,0.0714285714285714,312
211,LGA,GDP,weather constraint,6,4,-6,6.38192202287979,0.7083333333333334,0.0434782608695652,412
212,EWR,GS,weather constraint,4,2,-6,5.328003525199122,0.32,0.0,372
213,JFK,GS,weather constraint,4,9,15,6.176536047614311,1.0,0.0714285714285714,313
214,DEN,GDP,weather constraint,4,-6,0,4.107812962287894,0.2,0.05,888
215,JFK,GDP,weather constraint,4,3,-6,6.406115356318764,0.48,0.0,318
216,DFW,GS,weather constraint,2,-6,1,2.0283949125502096,0.1578947368421052,0.0714285714285714,866
217,DFW,GS,weather constraint,0,9,-1,2.0283949125502096,0.12,0.0714285714285714,845
218,SFO,GDP,weather constraint,1,7,4,1.9333747589071741,0.1818181818181818,0.03125,384
219,SFO,GDP,weather constraint,3,5,-2,3.858756843369665,0.0588235294117647,0.0,341
220,DEN,GS,weather constraint,4,6,-4,1.9387128428411475,0.1153846153846153,0.0344827586206896,763
221,DEN,GS,weather constraint,1,3,-6,1.9387128428411475,0.1153846153846153,0.0,821
222,EWR,GS,runway or surface constraint,1,14,-4,1.1018187844479699,0.2,0.0,290
223,DFW,GDP,other constraint,4,3,3,4.508327613926242,0.4186046511627907,0.0465116279069767,971
224,DFW,GS,weather constraint,3,2,2,4.508327613926242,0.4186046511627907,0.0465116279069767,931
225,DFW,GS,weather constraint,2,1,1,4.508327613926242,0.4186046511627907,0.0465116279069767,963
226,DEN,GS,weather constraint,2,0,16,2.818022174654651,0.2816901408450704,0.08,856
227,DFW,GS,weather constraint,18,1,15,10.749733172597818,0.6666666666666666,0.8,790
228,DEN,GS,weather constraint,5,3,15,2.818022174654651,0.2816901408450704,0.0689655172413793,936
229,DFW,GDP,weather constraint,15,-5,9,12.052385812189385,0.6666666666666666,0.8,777
230,DFW,GS,weather constraint,12,4,6,12.052385812189385,0.6111111111111112,0.8,839
231,DFW,GS,weather constraint,12,4,6,12.052385812189385,0.6111111111111112,0.8,839
232,DFW,GS,weather constraint,11,3,5,12.052385812189385,0.6111111111111112,0.8,834
233,DFW,GS,weather constraint,12,4,6,12.052385812189385,0.6111111111111112,0.8,839
234,DEN,GS,weather constraint,4,2,18,2.818022174654651,0.2816901408450704,0.08,870
235,DFW,GS,weather constraint,11,3,5,12.052385812189385,0.6111111111111112,0.8,834
236,DFW,GS,weather constraint,11,3,5,12.052385812189385,0.6111111111111112,0.8,834
237,DFW,GS,weather constraint,10,2,4,12.052385812189385,0.6111111111111112,0.8,836
238,DFW,GS,weather constraint,10,2,4,12.052385812189385,0.6111111111111112,0.8,836
239,DFW,GDP,weather constraint,15,-5,9,12.052385812189385,0.6666666666666666,0.8,777
240,LGA,GS,weather constraint,7,3,1,7.395012521183631,0.6956521739130435,0.1923076923076923,417
241,LGA,GS,weather constraint,7,3,1,7.395012521183631,0.6956521739130435,0.1923076923076923,417
242,JFK,GDP,weather constraint,7,6,3,8.115074093430147,0.75,0.1,291
243,CLT,GS,weather constraint,1,1,5,1.2566678017223176,0.3409090909090909,0.3939393939393939,541
244,EWR,GS,weather constraint,11,15,6,8.848042008510276,1.0,0.1666666666666666,367
245,JFK,GS,weather constraint,10,9,6,8.115074093430147,0.75,0.1,293
246,EWR,GDP,weather constraint,10,14,5,8.848042008510276,1.0,0.1666666666666666,362
247,JFK,GS,weather constraint,8,7,4,8.115074093430147,0.75,0.1,288
248,LGA,GS,weather constraint,8,4,2,7.395012521183631,0.6956521739130435,0.1923076923076923,412
249,LGA,GDP,weather constraint,7,3,1,7.395012521183631,0.6956521739130435,0.1923076923076923,417
250,LGA,GS,weather constraint,7,3,1,7.395012521183631,0.6956521739130435,0.1923076923076923,417
251,LGA,GS,weather constraint,18,1,-6,6.70097038585714,0.3478260869565217,0.0384615384615384,412
252,LGA,GDP,weather constraint,13,10,6,11.16048537099266,0.5652173913043478,0.037037037037037,385
253,EWR,GDP,facility constraint,5,5,-6,6.117354513434241,0.1818181818181818,0.0,359
254,LGA,GDP,weather constraint,13,10,6,11.16048537099266,0.5652173913043478,0.037037037037037,385
255,DFW,GS,weather constraint,16,-4,14,9.139600431332312,1.0,0.1612903225806451,880
256,DFW,GS,weather constraint,16,-4,14,9.139600431332312,1.0,0.1612903225806451,880
257,DFW,GS,weather constraint,15,-5,13,9.139600431332312,1.0,0.1612903225806451,864
258,DFW,GS,weather constraint,9,3,7,9.139600431332312,0.5074626865671642,0.1612903225806451,953
259,DFW,GDP,weather constraint,8,2,6,9.139600431332312,0.5074626865671642,0.1612903225806451,979
260,SFO,GDP,weather constraint,15,7,0,10.949154366202945,0.5833333333333334,0.0714285714285714,370
261,EWR,GS,demand constraint,1,8,1,0.8367794707234708,0.5,0.0714285714285714,369
262,SFO,GS,weather constraint,9,1,-6,10.949154366202945,0.5833333333333334,0.0714285714285714,387
263,DFW,GS,runway or surface constraint,1,6,6,1.5766902505806248,0.0909090909090909,0.0909090909090909,923
264,LGA,GS,demand constraint,2,2,-6,1.5994151341795142,0.125,0.0,417
265,SFO,GDP,weather constraint,15,7,0,10.949154366202945,0.5833333333333334,0.0714285714285714,370
266,SFO,GDP,weather constraint,3,9,0,9.313870045828837,0.2727272727272727,0.0263157894736842,409
267,DFW,GS,weather constraint,8,11,9,2.8464504061559985,0.1818181818181818,0.7285714285714285,915
268,SFO,GDP,weather constraint,15,3,7,11.954810265147557,0.5,0.0909090909090909,399
269,DFW,GS,other constraint,1,4,2,2.8464504061559985,0.1818181818181818,0.7285714285714285,974
270,EWR,GS,runway or surface constraint,11,9,4,12.07102634688736,0.7333333333333333,0.1904761904761904,323
271,EWR,GDP,runway or surface constraint,17,15,10,12.07102634688736,0.7333333333333333,0.1904761904761904,304
272,SFO,GDP,weather constraint,2,5,-6,11.954810265147557,0.5,0.0909090909090909,395
273,ORD,GDP,weather constraint,13,5,7,10.229833751022733,0.88,0.1111111111111111,720
274,ORD,GDP,weather constraint,13,5,7,10.229833751022733,0.88,0.1111111111111111,720
275,LGA,GS,weather constraint,6,4,5,9.202267630784613,0.6153846153846154,0.2777777777777778,418
276,CLT,GDP,other constraint,4,16,1,4.507716075095177,0.5,0.2,588
277,JFK,GS,demand constraint,7,10,3,10.229843891254722,1.0,0.2631578947368421,304
278,SFO,GDP,weather constraint,16,11,10,12.24984165131237,0.8095238095238095,0.3,406
279,LGA,GDP,weather constraint,11,9,10,9.202267630784613,0.6153846153846154,0.2777777777777778,370
280,JFK,GDP,weather constraint,13,16,9,10.229843891254722,1.0,0.2631578947368421,294
281,EWR,GDP,weather constraint,10,14,16,12.131938693599386,1.0,0.2,367
282,JFK,GDP,weather constraint,13,16,9,10.229843891254722,1.0,0.2631578947368421,294
283,JFK,GS,weather constraint,6,9,2,10.229843891254722,1.0,0.2631578947368421,302
284,DEN,GDP,weather constraint,4,12,15,3.8968350034563017,1.0,0.0454545454545454,935
285,EWR,GS,demand constraint,-6,-5,16,7.263839840433348,0.25,0.0588235294117647,371
286,SFO,GS,other constraint,3,1,13,6.999122194815684,0.3333333333333333,0.0714285714285714,407
287,SFO,GDP,weather constraint,2,0,18,6.999122194815684,0.3333333333333333,0.1111111111111111,399
288,LGA,GS,demand constraint,1,5,10,2.0623680142762577,0.1,0.05,413
289,DEN,GS,weather constraint,5,12,4,6.362436918968296,1.0,0.0793650793650793,864
290,DEN,GDP,weather constraint,5,12,4,6.362436918968296,1.0,0.0793650793650793,864
291,ORD,GS,weather constraint,10,7,8,7.314448468124223,0.8441558441558441,0.2826086956521739,824
292,DFW,GS,weather constraint,9,4,-5,7.651552539893316,0.4477611940298507,0.1333333333333333,881
293,DFW,GDP,weather constraint,7,2,5,7.651552539893316,0.4477611940298507,0.0930232558139534,937
294,DFW,GS,weather constraint,8,3,-6,7.651552539893316,0.4477611940298507,0.1333333333333333,900
295,ORD,GS,weather constraint,8,5,6,7.314448468124223,0.8441558441558441,0.2826086956521739,885
296,ORD,GDP,weather constraint,6,3,4,7.314448468124223,0.8441558441558441,0.2826086956521739,880
297,ORD,GS,weather constraint,5,2,3,7.314448468124223,0.8441558441558441,0.2826086956521739,841
298,ORD,GS,weather constraint,5,2,3,7.314448468124223,0.8441558441558441,0.2826086956521739,841
299,ORD,GS,weather constraint,5,2,3,7.314448468124223,0.8441558441558441,0.2826086956521739,841
300,ORD,GS,demand constraint,1,-2,-1,7.314448468124223,0.8441558441558441,0.2826086956521739,885
301,ORD,GS,weather constraint,1,-2,-1,7.314448468124223,0.8441558441558441,0.2826086956521739,885
302,EWR,GS,weather constraint,7,6,2,6.83544724857457,0.2916666666666667,0.0434782608695652,369
303,EWR,GDP,weather constraint,7,6,2,6.83544724857457,0.2916666666666667,0.0434782608695652,369
304,JFK,GS,weather constraint,9,6,-6,7.519642994979119,0.8,0.0,302
305,JFK,GDP,weather constraint,8,5,-6,7.519642994979119,0.8,0.0,305
306,CLT,GS,runway or surface constraint,0,4,16,0.8895483461727558,0.1666666666666666,0.0196078431372549,621
307,LGA,GDP,weather constraint,16,9,14,11.433221035505577,0.75,0.0384615384615384,394
308,EWR,GDP,weather constraint,9,6,-6,9.904676342944665,0.3478260869565217,0.0,372
309,EWR,GDP,weather constraint,9,6,-6,9.904676342944665,0.3478260869565217,0.0,372
310,LGA,GDP,weather constraint,16,9,14,11.433221035505577,0.75,0.0384615384615384,394
311,EWR,GS,facility constraint,1,-3,6,6.309312202894187,0.1333333333333333,0.0588235294117647,324
312,EWR,GS,facility constraint,1,-3,6,6.309312202894187,0.1333333333333333,0.0588235294117647,324
313,DEN,GDP,weather constraint,3,8,-6,3.6973588202176617,0.0769230769230769,0.0,984
314,DFW,GS,weather constraint,1,3,-6,1.0939085266525084,0.3,0.0,943
315,SFO,GS,weather constraint,13,9,-1,10.170041293031279,0.6060606060606061,0.0476190476190476,374
316,SFO,GDP,weather constraint,12,8,-2,10.170041293031279,0.6060606060606061,0.0476190476190476,378
317,SFO,GDP,weather constraint,5,2,1,9.921870002111596,0.3333333333333333,0.0277777777777777,413
318,EWR,GS,demand constraint,1,3,-6,1.1393881647849882,0.1875,0.0,369
319,SFO,GDP,weather constraint,12,8,-2,10.170041293031279,0.6060606060606061,0.0476190476190476,378
320,DEN,GS,runway or surface constraint,1,2,-6,1.3448545275058563,0.15625,0.0,942
321,EWR,GDP,facility constraint,3,2,-4,3.9255373573069616,0.375,0.0476190476190476,368
322,DEN,GS,runway or surface constraint,1,5,-6,1.728516094697349,0.1666666666666666,0.0,932
323,DFW,GS,facility constraint,1,4,0,1.0036653324570648,0.1111111111111111,0.0217391304347826,914
324,ORD,GS,weather constraint,6,3,11,4.89637282999051,0.4647887323943662,0.03125,863
325,ORD,GS,weather constraint,4,1,9,4.89637282999051,0.4647887323943662,0.03125,855
326,ORD,GS,weather constraint,4,1,9,4.89637282999051,0.4647887323943662,0.03125,855
327,ORD,GS,weather constraint,2,-1,7,4.89637282999051,0.4647887323943662,0.03125,847
328,ORD,GS,weather constraint,2,-1,7,4.89637282999051,0.4647887323943662,0.03125,847
329,DEN,GDP,weather constraint,18,2,14,4.990772595277229,0.3855421686746988,0.0256410256410256,903
330,DEN,GS,weather constraint,18,2,14,4.990772595277229,0.3855421686746988,0.0256410256410256,903
331,DEN,GS,weather constraint,18,2,14,4.990772595277229,0.3855421686746988,0.0256410256410256,903
332,EWR,GS,runway or surface constraint,6,6,-6,6.639932345879688,0.6,0.0,331
333,DEN,GDP,weather constraint,18,2,14,4.990772595277229,0.3855421686746988,0.0256410256410256,903
334,EWR,GS,runway or surface constraint,6,6,-6,6.639932345879688,0.6,0.0,331
335,ORD,GS,weather constraint,6,4,5,6.71659331981229,0.6538461538461539,0.2291666666666666,878
336,DEN,GDP,runway or surface constraint,5,3,9,7.689319725839401,0.4133333333333333,0.1,903
337,JFK,GS,weather constraint,8,7,9,6.770245400007232,0.5909090909090909,0.1428571428571428,295
338,ORD,GDP,weather constraint,5,3,4,6.71659331981229,0.6538461538461539,0.2291666666666666,892
339,DFW,GS,weather constraint,0,6,8,1.0998047385885659,0.4,0.4,934
340,JFK,GDP,weather constraint,6,5,7,6.770245400007232,0.5909090909090909,0.1428571428571428,298
341,DFW,GS,weather constraint,0,6,8,1.0998047385885659,0.4,0.4,934
342,EWR,GS,weather constraint,6,6,4,8.05741621919398,0.52,0.0952380952380952,355
343,EWR,GDP,weather constraint,5,5,3,8.05741621919398,0.52,0.0952380952380952,354
344,EWR,GDP,facility constraint,4,4,17,6.639932345879688,0.6,0.0555555555555555,332
345,DEN,GDP,runway or surface constraint,12,10,16,7.689319725839401,0.4133333333333333,0.1,858
346,SFO,GDP,weather constraint,16,11,9,11.541355675213484,0.88,0.074074074074074,417
347,ORD,GS,weather constraint,11,9,10,6.71659331981229,0.6538461538461539,0.2291666666666666,824
348,EWR,GDP,weather constraint,-6,0,14,4.3539061345380095,0.1666666666666666,0.2857142857142857,248
349,CLT,GS,weather constraint,3,3,18,2.959876170041734,0.4,0.2068965517241379,510
350,CLT,GS,weather constraint,3,3,18,2.959876170041734,0.4,0.2068965517241379,510
351,CLT,GS,weather constraint,2,2,17,2.959876170041734,0.4,0.2068965517241379,533
352,DEN,GS,weather constraint,1,2,-2,4.706512874611734,0.1785714285714285,0.0285714285714285,632
353,DEN,GS,weather constraint,1,2,-2,4.706512874611734,0.1785714285714285,0.0285714285714285,632
354,DEN,GDP,runway or surface constraint,0,1,-3,4.706512874611734,0.1785714285714285,0.0285714285714285,670
355,LGA,GS,weather constraint,13,-2,0,2.3190410177074487,0.2222222222222222,0.3333333333333333,317
356,EWR,GS,weather constraint,-6,-2,12,3.9294002864205533,0.1666666666666666,0.2857142857142857,246
357,JFK,GS,weather constraint,-6,-1,11,3.301679284055537,0.2352941176470588,1.0,202
358,LGA,GS,weather constraint,12,-3,-1,2.3190410177074487,0.2222222222222222,0.3333333333333333,322
359,SFO,GDP,weather constraint,5,3,0,10.625823383892156,0.25,0.0555555555555555,231
360,ATL,GS,weather constraint,4,2,8,3.77438125,0.4545454545454545,0.1568627450980392,708
361,ATL,GS,weather constraint,4,2,8,3.77438125,0.4545454545454545,0.1568627450980392,708
362,ATL,GS,weather constraint,4,2,8,3.77438125,0.4545454545454545,0.1568627450980392,708
363,ATL,GS,weather constraint,2,0,17,3.77438125,0.4545454545454545,0.3333333333333333,732
364,ATL,GS,weather constraint,2,0,17,3.77438125,0.4545454545454545,0.3333333333333333,732
365,EWR,GS,weather constraint,8,-3,11,3.8730782817410723,0.1666666666666666,0.2857142857142857,249
366,EWR,GS,weather constraint,8,-3,11,3.8730782817410723,0.1666666666666666,0.2857142857142857,249
367,JFK,GS,weather constraint,8,-3,9,3.1930644774654873,0.2352941176470588,1.0,204
368,EWR,GS,weather constraint,7,-4,10,3.8730782817410723,0.1666666666666666,0.2857142857142857,247
369,LGA,GS,weather constraint,10,-5,-3,2.3190410177074487,0.2222222222222222,0.3333333333333333,316
371,LGA,GS,weather constraint,9,-6,-4,2.3190410177074487,0.2222222222222222,0.3333333333333333,323
372,LGA,GS,weather constraint,11,-4,-2,2.3190410177074487,0.2222222222222222,0.3333333333333333,320
373,JFK,GS,weather constraint,9,-2,10,3.1930644774654873,0.2352941176470588,1.0,209
374,DEN,GDP,runway or surface constraint,3,7,6,4.871456014789153,0.1764705882352941,0.0869565217391304,888
375,ORD,GS,weather constraint,10,-3,11,12.596285129462917,0.75,0.625,895
376,DFW,GS,weather constraint,2,5,18,4.036186572850536,0.5777777777777777,0.3939393939393939,937
377,DFW,GS,other constraint,1,4,17,4.036186572850536,0.5777777777777777,0.3939393939393939,924
378,DFW,GS,other constraint,1,4,17,4.036186572850536,0.5777777777777777,0.3939393939393939,924
379,ORD,GS,runway or surface constraint,6,-5,7,12.596285129462917,0.72,0.625,869
380,ORD,GS,weather constraint,18,5,17,12.596285129462917,0.75,0.5,835
381,ORD,GS,weather constraint,18,5,17,12.596285129462917,0.75,0.5,835
382,ORD,GDP,weather constraint,18,5,17,12.596285129462917,0.75,0.5,835
383,DFW,GS,weather constraint,6,9,12,4.036186572850536,0.5777777777777777,0.1805555555555555,872
384,DFW,GS,weather constraint,5,8,11,4.036186572850536,0.5777777777777777,0.1805555555555555,873
385,ORD,GS,weather constraint,12,-1,13,12.596285129462917,0.75,0.625,834
386,ORD,GDP,weather constraint,18,5,17,12.596285129462917,0.75,0.5,835
387,ORD,GS,runway or surface constraint,6,-5,7,12.596285129462917,0.72,0.625,869
388,ORD,GS,runway or surface constraint,4,-6,5,12.596285129462917,0.7096774193548387,0.625,889
389,DEN,GS,weather constraint,10,15,17,9.046281877227726,1.0,0.0625,918
390,DEN,GDP,weather constraint,9,14,16,9.046281877227726,1.0,0.0625,959
391,ORD,GS,runway or surface constraint,3,-6,4,12.596285129462917,0.7068965517241379,0.625,886
392,ORD,GS,weather constraint,2,-5,3,12.596285129462917,0.6842105263157895,0.625,860
393,ORD,GS,weather constraint,1,-6,2,12.596285129462917,0.6842105263157895,0.625,887
394,JFK,GDP,weather constraint,10,8,-3,8.416097857041084,0.4,0.0714285714285714,307
395,DEN,GS,weather constraint,12,17,10,9.046281877227726,1.0,0.0571428571428571,884
396,DEN,GDP,runway or surface constraint,8,11,6,11.707819816446799,1.0,0.0416666666666666,955
397,DEN,GS,runway or surface constraint,5,8,3,11.707819816446799,1.0,0.0416666666666666,891
398,DEN,GDP,runway or surface constraint,14,-4,-2,11.707819816446799,1.0,0.0625,882
399,DFW,GS,weather constraint,12,5,8,9.303627545639669,0.7962962962962963,0.3548387096774194,862
400,DFW,GS,weather constraint,11,4,7,9.303627545639669,0.7962962962962963,0.3548387096774194,799
401,DFW,GDP,weather constraint,10,3,6,9.303627545639669,0.7962962962962963,0.3548387096774194,798
402,EWR,GS,facility constraint,11,0,8,8.669183538704715,0.2,0.0625,311
403,EWR,GDP,runway or surface constraint,10,-1,7,8.669183538704715,0.2,0.0625,303
404,JFK,GDP,runway or surface constraint,6,2,-4,6.73412363476739,0.3571428571428571,0.0714285714285714,281
405,ATL,GS,weather constraint,8,5,16,4.747690579449765,0.6341463414634146,1.0,908
406,ATL,GS,weather constraint,7,4,15,4.747690579449765,0.6341463414634146,1.0,941
407,ATL,GS,weather constraint,5,2,13,4.747690579449765,0.6341463414634146,1.0,955
408,ATL,GS,weather constraint,5,2,13,4.747690579449765,0.6341463414634146,1.0,955
409,ATL,GS,runway or surface constraint,1,-2,9,4.747690579449765,0.6341463414634146,1.0,937
410,ATL,GS,runway or surface constraint,0,-3,8,4.747690579449765,0.6341463414634146,1.0,942
411,SFO,GDP,weather constraint,4,0,-2,4.5097385561544305,0.1666666666666666,0.0,416
412,EWR,GS,facility constraint,13,7,6,10.23205716454505,0.7058823529411765,0.1052631578947368,340
413,EWR,GS,facility constraint,12,6,5,10.23205716454505,0.7058823529411765,0.1052631578947368,355
414,EWR,GDP,facility constraint,11,5,4,10.23205716454505,0.7058823529411765,0.1052631578947368,359
415,LGA,GS,weather constraint,9,9,6,7.542264415406689,0.5882352941176471,0.0416666666666666,414
416,LGA,GDP,weather constraint,8,8,5,7.542264415406689,0.5882352941176471,0.0416666666666666,414
417,EWR,GS,facility constraint,8,9,2,10.053062108225797,0.5,0.0555555555555555,340
418,EWR,GDP,facility constraint,7,8,1,10.053062108225797,0.5,0.0555555555555555,340
419,LGA,GS,demand constraint,1,1,-2,7.542264415406689,0.5882352941176471,0.0416666666666666,420
420,EWR,GS,facility constraint,2,3,-4,10.053062108225797,0.5,0.0555555555555555,345
421,DEN,GS,runway or surface constraint,0,2,17,0.8654470549452355,0.0634920634920634,0.0128205128205128,870
422,EWR,GS,facility constraint,2,3,-4,10.053062108225797,0.5,0.0555555555555555,345
423,ATL,GS,weather constraint,2,2,13,2.674701435064085,0.5454545454545454,0.1333333333333333,927
424,ATL,GS,weather constraint,2,2,13,2.674701435064085,0.5454545454545454,0.1333333333333333,927
425,ATL,GS,weather constraint,0,0,11,2.674701435064085,0.5454545454545454,0.1333333333333333,931
426,JFK,GS,demand constraint,8,6,17,6.981575574379316,0.25,0.0434782608695652,285
427,JFK,GDP,weather constraint,7,5,16,6.981575574379316,0.25,0.0434782608695652,285
428,EWR,GDP,facility constraint,7,7,-6,6.435176614064861,0.3333333333333333,0.0,320
429,DEN,GS,weather constraint,3,-1,15,2.236783706595518,0.1428571428571428,0.0384615384615384,956
430,DEN,GS,weather constraint,2,-2,14,2.236783706595518,0.1428571428571428,0.0384615384615384,908
431,EWR,GS,facility constraint,2,0,-6,4.184495502480315,0.1333333333333333,0.0,349
432,EWR,GS,facility constraint,2,12,-6,2.984324663843998,0.2,0.0,338
433,EWR,GS,facility constraint,2,0,-6,4.184495502480315,0.1333333333333333,0.0,349
434,EWR,GDP,facility constraint,8,10,-6,7.793742964662598,1.0,0.0,316
435,LGA,GDP,weather constraint,5,3,-6,5.282792076141606,0.1428571428571428,0.0,429
436,SFO,GDP,weather constraint,14,7,-2,4.785159746617363,0.1282051282051282,0.0,391
437,LGA,GDP,weather constraint,11,5,-5,10.735315550844444,0.4444444444444444,0.0,405
438,DEN,GS,weather constraint,6,3,-2,5.003270978931134,0.419753086419753,0.0714285714285714,891
439,EWR,GS,facility constraint,5,18,-6,7.557182925032335,0.3333333333333333,0.0,329
440,DEN,GS,weather constraint,6,3,-2,5.003270978931134,0.419753086419753,0.0714285714285714,891
441,EWR,GS,facility constraint,5,18,-6,7.557182925032335,0.3333333333333333,0.0,329
442,EWR,GDP,facility constraint,18,18,-6,7.870452670970713,0.8125,0.0,327
443,DEN,GDP,weather constraint,4,1,-4,5.003270978931134,0.419753086419753,0.0714285714285714,869
444,SFO,GDP,weather constraint,10,0,3,10.413028756897134,0.1111111111111111,0.0526315789473684,430
445,EWR,GS,runway or surface constraint,15,7,8,13.08404569330978,0.8235294117647058,0.0588235294117647,314
446,EWR,GDP,runway or surface constraint,14,6,7,13.08404569330978,0.8235294117647058,0.0588235294117647,315
447,SFO,GDP,weather constraint,18,-4,15,8.25017662364629,0.1282051282051282,0.0526315789473684,421
448,DEN,GS,weather constraint,8,6,-6,8.584934185154268,0.453125,0.0,904
449,EWR,GDP,facility constraint,14,6,7,13.08404569330978,0.8235294117647058,0.0588235294117647,315
450,DEN,GDP,weather constraint,7,5,-6,8.584934185154268,0.453125,0.0,947
451,DEN,GS,weather constraint,18,18,18,9.484819786953302,0.6785714285714286,0.0357142857142857,905
452,DEN,GDP,weather constraint,17,7,13,14.301349631622989,0.8095238095238095,0.2539682539682539,885
453,EWR,GS,weather constraint,14,8,9,13.867339516915091,0.7647058823529411,0.0909090909090909,325
454,EWR,GDP,runway or surface constraint,13,7,8,13.867339516915091,0.7647058823529411,0.0909090909090909,321
455,DEN,GDP,weather constraint,17,7,13,14.301349631622989,0.8095238095238095,0.2539682539682539,885
456,EWR,GDP,runway or surface constraint,6,0,1,13.867339516915091,0.7647058823529411,0.0909090909090909,323
457,EWR,GS,runway or surface constraint,5,-1,0,13.867339516915091,0.7647058823529411,0.0909090909090909,317
458,DEN,GDP,weather constraint,7,5,-6,8.584934185154268,0.453125,0.0,947
459,DFW,GS,weather constraint,6,3,6,5.8328148128173,0.5636363636363636,0.1774193548387097,803
460,DFW,GDP,weather constraint,5,2,5,5.8328148128173,0.5636363636363636,0.1774193548387097,790
461,SFO,GDP,weather constraint,4,15,3,4.43547211497656,0.2272727272727272,0.0384615384615384,422
462,EWR,GS,runway or surface constraint,15,16,9,12.301777686529006,1.0,0.2666666666666666,318
463,EWR,GDP,runway or surface constraint,14,15,8,12.301777686529006,1.0,0.2666666666666666,319
464,ORD,GS,weather constraint,1,10,2,1.9500000048563189,0.238095238095238,0.032258064516129,971
465,ORD,GS,weather constraint,1,10,2,1.9500000048563189,0.238095238095238,0.032258064516129,971
466,ORD,GS,weather constraint,1,10,2,1.9500000048563189,0.238095238095238,0.032258064516129,971
467,EWR,GDP,runway or surface constraint,14,15,8,12.301777686529006,1.0,0.2666666666666666,319
468,SFO,GDP,weather constraint,4,2,13,5.870987399474214,0.1842105263157894,0.032258064516129,422
469,EWR,GDP,runway or surface constraint,13,9,7,13.642218612128714,0.7777777777777778,0.1666666666666666,319
470,EWR,GS,runway or surface constraint,8,4,2,13.642218612128714,0.7777777777777778,0.1666666666666666,327
471,EWR,GDP,runway or surface constraint,-6,2,-6,13.642218612128714,0.1666666666666666,0.0,306
472,EWR,GDP,runway or surface constraint,13,9,7,13.642218612128714,0.7777777777777778,0.1666666666666666,319
473,DFW,GS,weather constraint,5,1,10,5.342791550750604,0.7142857142857143,0.0163934426229508,863
474,DFW,GS,weather constraint,5,1,10,5.342791550750604,0.7142857142857143,0.0163934426229508,863
475,DFW,GS,weather constraint,5,1,10,5.342791550750604,0.7142857142857143,0.0163934426229508,863
476,DFW,GDP,weather constraint,3,-1,8,5.342791550750604,0.7142857142857143,0.0163934426229508,849
477,SFO,GDP,weather constraint,3,1,-3,4.168727259967477,0.1875,0.0,410
478,DFW,GS,weather constraint,1,-3,6,5.342791550750604,0.7142857142857143,0.0163934426229508,847
479,DFW,GS,weather constraint,1,-3,6,5.342791550750604,0.7142857142857143,0.0163934426229508,847
480,EWR,GS,runway or surface constraint,9,3,-6,9.149569207579654,0.375,0.0,320
481,EWR,GDP,runway or surface constraint,8,2,-6,9.149569207579654,0.375,0.0,326
482,DEN,GS,runway or surface constraint,5,3,-6,5.31689842120848,0.2025316455696202,0.0,877
483,DEN,GDP,runway or surface constraint,18,2,18,5.445418326522237,0.2025316455696202,0.0131578947368421,899
484,DEN,GS,weather constraint,6,11,3,11.361766162330936,1.0,0.064516129032258,952
485,DEN,GDP,weather constraint,7,12,4,11.361766162330936,1.0,0.064516129032258,930
486,DEN,GS,weather constraint,5,10,2,11.361766162330936,1.0,0.064516129032258,902
487,DFW,GDP,weather constraint,11,4,3,10.176010325073083,0.59375,0.4,880
488,DEN,GDP,runway or surface constraint,14,12,11,11.361766162330936,0.9032258064516128,0.064516129032258,876
489,SFO,GDP,weather constraint,15,14,2,11.8731562905548,0.35,0.0555555555555555,440
490,DFW,GS,weather constraint,11,4,3,10.176010325073083,0.59375,0.4,880
491,LGA,GS,other constraint,1,11,11,1.3401140177957502,0.1818181818181818,0.0454545454545454,405
492,EWR,GS,runway or surface constraint,11,13,7,11.535270228731891,1.0,0.0625,319
493,EWR,GS,weather constraint,9,11,5,11.535270228731891,1.0,0.0625,337
494,EWR,GDP,weather constraint,9,11,5,11.535270228731891,1.0,0.0625,337
495,DEN,GDP,weather constraint,7,12,4,11.361766162330936,1.0,0.064516129032258,930
496,DEN,GS,weather constraint,8,13,5,11.361766162330936,1.0,0.064516129032258,947
497,DEN,GS,weather constraint,7,12,4,11.361766162330936,1.0,0.064516129032258,930
498,DEN,GDP,weather constraint,12,-5,11,13.409070818071157,1.0,0.1016949152542373,882
499,SFO,GDP,weather constraint,4,12,8,10.60270536862989,0.3333333333333333,0.125,442
500,EWR,GDP,runway or surface constraint,9,11,-6,11.376766848137265,1.0,0.0,335
501,DEN,GS,weather constraint,12,-5,11,13.409070818071157,1.0,0.1016949152542373,882
502,DEN,GDP,runway or surface constraint,12,-5,11,13.409070818071157,1.0,0.1016949152542373,882
503,ORD,GS,weather constraint,3,5,5,2.3209824814487687,0.25,0.0166666666666666,926
504,ORD,GS,weather constraint,2,4,4,2.3209824814487687,0.25,0.0166666666666666,935
505,ORD,GS,weather constraint,2,4,4,2.3209824814487687,0.25,0.0166666666666666,935
506,DEN,GS,weather constraint,1,-1,0,13.409070818071157,0.5057471264367817,0.1016949152542373,861
507,EWR,GS,facility constraint,8,2,3,15.331770328292233,1.0,0.1818181818181818,309
508,JFK,GS,weather constraint,1,3,11,2.151250266633065,0.631578947368421,0.125,290
509,DEN,GS,weather constraint,-6,2,0,6.539268331161509,0.28125,0.0135135135135135,846
510,EWR,GDP,facility constraint,17,11,12,15.331770328292233,1.0,0.1818181818181818,289
511,DEN,GS,weather constraint,2,0,1,13.409070818071157,0.5057471264367817,0.1016949152542373,928
512,EWR,GS,facility constraint,18,-6,13,15.331770328292233,1.0,0.1818181818181818,290
513,DEN,GS,weather constraint,2,0,1,13.409070818071157,0.5057471264367817,0.1016949152542373,928
514,EWR,GDP,runway or surface constraint,17,11,12,15.331770328292233,1.0,0.1818181818181818,289
515,SFO,GDP,facility constraint,3,16,-3,9.103081524308774,1.0,0.0,381
516,SFO,GDP,weather constraint,4,1,-3,10.538534375390128,0.3333333333333333,0.125,443
517,EWR,GS,other constraint,10,4,5,15.331770328292233,1.0,0.1818181818181818,302
518,EWR,GS,facility constraint,8,2,3,15.331770328292233,1.0,0.1818181818181818,309
519,DEN,GS,runway or surface constraint,-6,3,1,6.883440348591062,0.28125,0.0135135135135135,811
520,JFK,GS,weather constraint,2,4,12,2.151250266633065,0.631578947368421,0.125,288
521,SFO,GDP,weather constraint,15,13,11,9.244978044066725,0.1,0.0434782608695652,435
522,JFK,GDP,weather constraint,5,2,-6,5.8200483106418,0.2941176470588235,0.0,304
523,EWR,GS,runway or surface constraint,9,5,3,12.384786434829316,0.8181818181818182,0.125,330
524,EWR,GDP,runway or surface constraint,8,4,2,12.384786434829316,0.8181818181818182,0.125,333
525,EWR,GS,facility constraint,5,-1,0,15.331770328292233,1.0,0.1818181818181818,312
526,SFO,GDP,weather constraint,6,4,2,9.244978044066725,0.1,0.0434782608695652,468
527,EWR,GS,facility constraint,6,6,0,13.151902290105609,1.0,0.5294117647058824,321
528,EWR,GDP,facility constraint,9,9,3,13.151902290105609,1.0,0.5294117647058824,325
529,EWR,GS,facility constraint,12,12,6,13.151902290105609,1.0,0.5294117647058824,332
530,EWR,GS,facility constraint,12,12,6,13.151902290105609,1.0,0.5294117647058824,332
531,EWR,GS,facility constraint,12,12,6,13.151902290105609,1.0,0.5294117647058824,332
532,EWR,GS,facility constraint,11,11,5,13.151902290105609,1.0,0.5294117647058824,336
533,EWR,GS,other constraint,10,10,4,13.151902290105609,1.0,0.5294117647058824,324
534,EWR,GS,facility constraint,10,10,4,13.151902290105609,1.0,0.5294117647058824,324
535,DEN,GDP,runway or surface constraint,3,13,-2,4.17351733309732,1.0,0.02,944
536,EWR,GDP,facility constraint,9,9,3,13.151902290105609,1.0,0.5294117647058824,325
537,DEN,GDP,runway or surface constraint,5,3,0,5.552295243527773,0.2962962962962963,0.027027027027027,856
538,EWR,GDP,facility constraint,7,4,-2,10.555135825438883,0.6470588235294118,0.0625,322
539,JFK,GDP,weather constraint,5,3,-6,5.752888650698184,0.5,0.0,300
540,EWR,GS,facility constraint,7,4,-2,10.555135825438883,0.6470588235294118,0.0625,322
541,DEN,GS,weather constraint,1,1,-3,4.807769531100916,0.3448275862068966,0.0833333333333333,656
542,DEN,GS,weather constraint,1,1,-3,4.807769531100916,0.3448275862068966,0.0833333333333333,656
543,DEN,GDP,weather constraint,0,0,-4,4.807769531100916,0.3448275862068966,0.0833333333333333,610
544,EWR,GDP,runway or surface constraint,-6,5,8,8.597224099418879,0.6428571428571429,0.1875,226
545,DFW,GS,weather constraint,4,7,6,4.383634072580184,0.4375,0.7868852459016393,650
546,DFW,GS,weather constraint,3,6,5,4.383634072580184,0.4375,0.7868852459016393,650
547,DFW,GS,weather constraint,2,5,4,4.383634072580184,0.4375,0.7868852459016393,655
548,DFW,GS,weather constraint,1,4,3,4.383634072580184,0.4375,0.7868852459016393,677
549,EWR,GS,runway or surface constraint,-6,3,6,7.758994749725538,0.6428571428571429,0.1875,223
550,EWR,GS,runway or surface constraint,-6,3,6,7.758994749725538,0.6428571428571429,0.1875,223
551,DFW,GDP,weather constraint,-1,2,1,4.383634072580184,0.4375,0.7868852459016393,696
552,EWR,GDP,runway or surface constraint,-6,5,8,8.597224099418879,0.6428571428571429,0.1875,226
553,DEN,GS,weather constraint,3,3,-1,4.807769531100916,0.3448275862068966,0.0833333333333333,648
554,DEN,GS,runway or surface constraint,2,2,1,3.619443881005229,0.2580645161290322,0.0116279069767441,918
555,DEN,GS,runway or surface constraint,2,2,1,3.619443881005229,0.2580645161290322,0.0116279069767441,918
556,EWR,GS,other constraint,18,11,17,12.443071072483841,0.7058823529411765,0.3888888888888889,240
557,EWR,GDP,runway or surface constraint,18,18,13,14.444962827353391,1.0,0.4666666666666667,304
558,EWR,GS,other constraint,18,17,12,14.722714685985721,1.0,0.4666666666666667,305
559,EWR,GS,other constraint,18,17,12,14.722714685985721,1.0,0.4666666666666667,305
560,EWR,GDP,facility constraint,18,18,13,14.444962827353391,1.0,0.4666666666666667,304
561,ORD,GS,other constraint,1,9,-3,1.207271704683362,0.1818181818181818,0.0476190476190476,974
562,DFW,GS,weather constraint,6,1,5,8.283326378873955,0.7407407407407407,0.3555555555555555,936
563,EWR,GDP,facility constraint,16,-6,17,17.010070874860197,1.0,0.125,324
564,SFO,GDP,weather constraint,4,10,14,4.3385848247854595,0.4375,0.1666666666666666,443
565,DFW,GS,weather constraint,9,4,8,8.283326378873955,0.7407407407407407,0.3555555555555555,885
566,DFW,GS,weather constraint,9,4,8,8.283326378873955,0.7407407407407407,0.3555555555555555,885
567,DEN,GS,runway or surface constraint,1,1,0,3.619443881005229,0.2580645161290322,0.0116279069767441,978
568,DFW,GS,weather constraint,9,4,8,8.283326378873955,0.7407407407407407,0.3555555555555555,885
569,DFW,GDP,weather constraint,8,3,7,8.283326378873955,0.7407407407407407,0.3555555555555555,898
570,CLT,GS,weather constraint,1,8,3,2.5065416666666667,1.0,0.1272727272727272,597
571,ATL,GS,weather constraint,1,2,4,1.5700000000014223,0.3947368421052631,0.1,827
572,EWR,GDP,facility constraint,11,3,8,13.911214545496867,0.6666666666666666,0.2777777777777778,321
573,EWR,GDP,facility constraint,11,3,8,13.911214545496867,0.6666666666666666,0.2777777777777778,321
574,CLT,GS,weather constraint,2,9,4,2.5065416666666667,1.0,0.1272727272727272,558
575,CLT,GS,weather constraint,1,8,3,2.5065416666666667,1.0,0.1272727272727272,597
576,DEN,GDP,runway or surface constraint,4,2,6,4.593312862409528,0.2142857142857142,0.0416666666666666,972
577,ATL,GS,weather constraint,0,1,3,1.5700000000014223,0.3947368421052631,0.1,841
578,EWR,GDP,facility constraint,18,17,12,16.31175381367546,0.875,0.3333333333333333,323
579,EWR,GS,weather constraint,3,-5,0,13.911214545496867,0.6666666666666666,0.2777777777777778,329
580,EWR,GS,weather constraint,3,-5,0,13.911214545496867,0.6666666666666666,0.2777777777777778,329
581,EWR,GDP,facility constraint,18,17,12,16.31175381367546,0.875,0.3333333333333333,323
582,EWR,GDP,facility constraint,18,17,12,16.31175381367546,0.875,0.3333333333333333,323
583,JFK,GDP,weather constraint,6,4,-6,6.028797494084288,0.6190476190476191,0.0,312
584,DFW,GDP,weather constraint,6,12,17,7.252842374532635,1.0,0.40625,951
585,LGA,GDP,weather constraint,13,6,9,11.197467682346478,0.9166666666666666,0.4583333333333333,402
586,DEN,GDP,weather constraint,5,3,-2,6.55563261495214,0.8095238095238095,0.0178571428571428,962
587,JFK,GDP,weather constraint,5,3,17,7.495144884952457,0.6666666666666666,0.0909090909090909,308
588,LGA,GS,weather constraint,6,-1,2,11.197467682346478,0.9166666666666666,0.4583333333333333,424
589,JFK,GS,weather constraint,6,4,18,7.495144884952457,0.6666666666666666,0.0909090909090909,309
590,EWR,GS,weather constraint,9,6,-5,17.642114519672827,0.8235294117647058,0.3333333333333333,337
591,JFK,GS,weather constraint,6,4,18,7.495144884952457,0.6666666666666666,0.0909090909090909,309
592,LGA,GS,weather constraint,6,-1,2,11.197467682346478,0.9166666666666666,0.4583333333333333,424
593,LGA,GS,weather constraint,5,-2,1,11.197467682346478,0.9166666666666666,0.4583333333333333,425
594,JFK,GS,weather constraint,5,3,17,7.495144884952457,0.6666666666666666,0.0909090909090909,308
595,EWR,GS,weather constraint,8,5,-6,17.642114519672827,0.8235294117647058,0.3333333333333333,335
596,LGA,GS,weather constraint,5,-2,1,11.197467682346478,0.9166666666666666,0.4583333333333333,425
597,JFK,GS,weather constraint,5,3,17,7.495144884952457,0.6666666666666666,0.0909090909090909,308
598,JFK,GS,weather constraint,4,2,16,7.495144884952457,0.6666666666666666,0.0909090909090909,310
599,EWR,GS,weather constraint,18,-5,5,17.518015283866134,1.0,0.3333333333333333,326
600,LGA,GS,weather constraint,15,8,11,11.197467682346478,0.9166666666666666,0.4583333333333333,402
601,EWR,GDP,weather constraint,18,-5,5,17.518015283866134,1.0,0.3333333333333333,326
602,LGA,GS,weather constraint,15,8,11,11.197467682346478,0.9166666666666666,0.4583333333333333,402
603,DFW,GS,weather constraint,8,14,18,7.252842374532635,1.0,0.3076923076923077,908
604,DFW,GS,weather constraint,7,13,18,7.252842374532635,1.0,0.40625,925
605,LGA,GS,weather constraint,10,3,6,11.197467682346478,0.9166666666666666,0.4583333333333333,422
606,DFW,GS,weather constraint,11,6,-2,11.026148569231719,0.7647058823529411,0.40625,872
607,DFW,GS,weather constraint,9,18,-4,11.026148569231719,1.0,0.40625,873
608,EWR,GDP,runway or surface constraint,18,15,11,17.858686341439977,0.8666666666666667,0.4210526315789473,313
609,DFW,GDP,weather constraint,10,5,-3,11.026148569231719,0.7647058823529411,0.40625,872
610,JFK,GDP,weather constraint,8,5,4,9.474086845631069,0.8333333333333334,0.1764705882352941,292
611,LGA,GS,weather constraint,9,8,4,11.20026146740701,0.9333333333333332,0.1363636363636363,417
612,DFW,GS,weather constraint,6,15,5,11.026148569231719,1.0,0.3404255319148936,925
613,LGA,GDP,weather constraint,9,8,4,11.20026146740701,0.9333333333333332,0.1363636363636363,417
614,DFW,GS,weather constraint,5,14,4,11.026148569231719,1.0,0.3404255319148936,927
615,DEN,GDP,runway or surface constraint,5,4,-2,9.900033711574022,0.7037037037037037,0.0769230769230769,848
616,JFK,GS,weather constraint,7,4,3,9.474086845631069,0.8333333333333334,0.1764705882352941,292
617,LGA,GS,weather constraint,6,5,1,11.20026146740701,0.9333333333333332,0.1363636363636363,419
618,JFK,GS,weather constraint,7,4,3,9.474086845631069,0.8333333333333334,0.1764705882352941,292
619,LGA,GS,weather constraint,6,5,1,11.20026146740701,0.9333333333333332,0.1363636363636363,419
620,JFK,GS,weather constraint,6,3,2,9.474086845631069,0.8333333333333334,0.1764705882352941,289
621,LGA,GDP,weather constraint,9,8,4,11.20026146740701,0.9333333333333332,0.1363636363636363,417
622,EWR,GS,runway or surface constraint,6,3,-1,17.858686341439977,0.8666666666666667,0.4210526315789473,327
623,EWR,GDP,facility constraint,18,15,11,17.858686341439977,0.8666666666666667,0.4210526315789473,313
624,DEN,GDP,runway or surface constraint,12,11,5,9.900033711574022,0.7037037037037037,0.0769230769230769,804
625,DFW,GS,weather constraint,11,6,-2,11.026148569231719,0.7647058823529411,0.40625,872
626,DEN,GDP,runway or surface constraint,12,10,6,10.775816189449777,0.3125,0.02,827
627,EWR,GDP,facility constraint,18,15,11,17.858686341439977,0.8666666666666667,0.4210526315789473,313
628,EWR,GDP,facility constraint,10,9,7,13.886268139058451,0.2666666666666666,0.25,327
629,DEN,GDP,runway or surface constraint,5,3,-1,10.775816189449777,0.3125,0.02,882
630,EWR,GDP,runway or surface constraint,15,13,11,15.032705951646758,0.8,0.2142857142857142,324
631,CLT,GS,weather constraint,8,6,4,6.67190481825729,0.8,0.4,659
632,CLT,GDP,other constraint,5,3,1,6.67190481825729,0.8,0.4,646
633,LGA,GDP,weather constraint,8,5,4,7.995887906539097,0.7931034482758621,0.0384615384615384,422
634,CLT,GS,weather constraint,6,4,2,6.67190481825729,0.8,0.4,645
635,CLT,GS,weather constraint,5,3,1,6.67190481825729,0.8,0.4,646
636,CLT,GS,weather constraint,5,3,1,6.67190481825729,0.8,0.4,646
637,ATL,GS,weather constraint,1,16,16,1.7344999794099762,0.25,0.0416666666666666,931
638,EWR,GDP,facility constraint,15,13,11,15.032705951646758,0.8,0.2142857142857142,324
639,ATL,GS,weather constraint,1,16,16,1.7344999794099762,0.25,0.0416666666666666,931
640,JFK,GDP,weather constraint,6,3,-6,6.824325226534805,0.4347826086956521,0.0,303
641,JFK,GDP,weather constraint,10,6,18,10.5999595524705,0.5294117647058824,0.0625,311
642,EWR,GDP,weather constraint,18,15,8,16.622843836087185,0.8666666666666667,0.4705882352941176,326
643,CLT,GS,weather constraint,3,1,-1,6.67190481825729,0.8,0.4,657
644,CLT,GS,weather constraint,1,-1,-3,6.67190481825729,0.8,0.4,648
645,CLT,GS,weather constraint,1,-1,-3,6.67190481825729,0.8,0.4,648
646,CLT,GS,weather constraint,4,2,0,6.67190481825729,0.8,0.4,627
647,EWR,GDP,runway or surface constraint,18,15,8,16.622843836087185,0.8666666666666667,0.4705882352941176,326
648,SFO,GDP,runway or surface constraint,4,2,13,4.101246538093991,0.3333333333333333,0.0232558139534883,445
649,EWR,GS,runway or surface constraint,16,12,5,16.77503497761616,0.8666666666666667,0.4705882352941176,325
650,LGA,GDP,weather constraint,9,7,4,10.595532508180757,0.2692307692307692,0.0434782608695652,397
651,EWR,GDP,weather constraint,18,15,8,16.622843836087185,0.8666666666666667,0.4705882352941176,326
652,DEN,GS,weather constraint,1,1,2,1.255123210131378,0.2289156626506024,0.0307692307692307,930
653,EWR,GS,facility constraint,17,13,-3,11.755617948183799,0.8235294117647058,0.1111111111111111,291
654,EWR,GDP,facility constraint,12,8,9,11.755617948183799,0.8235294117647058,0.0666666666666666,308
655,ATL,GS,facility constraint,12,11,5,7.0851505430833335,0.5853658536585366,0.0196078431372549,927
656,ATL,GS,facility constraint,12,11,5,7.0851505430833335,0.5853658536585366,0.0196078431372549,927
657,ATL,GS,facility constraint,11,10,4,7.0851505430833335,0.5853658536585366,0.0196078431372549,941
658,ATL,GDP,other constraint,9,8,2,7.0851505430833335,0.5853658536585366,0.0196078431372549,990
659,ATL,GDP,weather constraint,3,2,-4,7.0851505430833335,0.5853658536585366,0.0196078431372549,1001
660,EWR,GDP,facility constraint,18,13,5,15.885439364483391,0.8181818181818182,0.0769230769230769,295
661,SFO,GDP,weather constraint,15,12,-1,11.007227459399134,0.3888888888888889,0.0416666666666666,435
662,CLT,GS,other constraint,1,9,4,1.2035925283211633,0.2272727272727272,0.0454545454545454,599
663,EWR,GDP,facility constraint,18,13,5,15.885439364483391,0.8181818181818182,0.0769230769230769,295
664,SFO,GS,weather constraint,4,1,-6,11.007227459399134,0.3888888888888889,0.0,432
665,EWR,GDP,runway or surface constraint,12,9,9,14.328810509415316,0.3333333333333333,0.0555555555555555,289
666,JFK,GS,weather constraint,9,5,-6,7.722053888101415,0.4375,0.0,298
667,EWR,GS,facility constraint,6,1,0,15.885439364483391,0.8181818181818182,0.0588235294117647,306
668,JFK,GDP,weather constraint,8,4,-6,7.722053888101415,0.4375,0.0,289
669,LGA,GS,other constraint,8,6,7,9.213093881264033,0.8636363636363636,0.3125,419
670,EWR,GDP,weather constraint,17,12,11,16.03037626138598,1.0,0.2105263157894736,282
671,LGA,GS,weather constraint,7,5,6,9.213093881264033,0.8636363636363636,0.3125,420
672,LGA,GDP,weather constraint,11,9,10,9.213093881264033,0.8636363636363636,0.3125,395
673,DEN,GS,weather constraint,6,5,2,6.536854764413415,0.696969696969697,0.09375,882
674,DEN,GS,weather constraint,5,4,1,6.536854764413415,0.696969696969697,0.09375,914
675,DEN,GS,weather constraint,5,4,1,6.536854764413415,0.696969696969697,0.09375,914
676,DEN,GS,weather constraint,5,4,1,6.536854764413415,0.696969696969697,0.09375,914
677,EWR,GDP,weather constraint,17,12,11,16.03037626138598,1.0,0.2105263157894736,282
678,DEN,GS,weather constraint,13,12,9,6.536854764413415,0.696969696969697,0.09375,827
679,EWR,GS,weather constraint,14,9,8,16.03037626138598,1.0,0.2105263157894736,291
680,CLT,GS,runway or surface constraint,0,10,-4,1.0308179621069213,0.25,0.0227272727272727,598
681,JFK,GS,weather constraint,11,7,-6,10.989318068070443,0.4375,0.0,290
682,LGA,GS,weather constraint,11,9,10,9.213093881264033,0.8636363636363636,0.3125,395
683,DFW,GS,other constraint,2,9,14,2.0317091943179895,0.238095238095238,1.0,872
684,JFK,GDP,weather constraint,9,5,-6,10.989318068070443,0.4375,0.0,297
685,EWR,GS,weather constraint,13,8,7,16.03037626138598,1.0,0.2105263157894736,288
686,LGA,GS,weather constraint,11,9,10,9.213093881264033,0.8636363636363636,0.3125,395
687,EWR,GS,weather constraint,12,7,6,16.03037626138598,1.0,0.2105263157894736,299
688,DFW,GS,other constraint,1,8,13,2.0317091943179895,0.238095238095238,1.0,890
689,LGA,GS,weather constraint,10,8,9,9.213093881264033,0.8636363636363636,0.3125,417
690,EWR,GS,weather constraint,11,6,5,16.03037626138598,1.0,0.2105263157894736,304
691,LGA,GS,weather constraint,9,7,8,9.213093881264033,0.8636363636363636,0.3125,411
692,LGA,GS,weather constraint,9,7,8,9.213093881264033,0.8636363636363636,0.3125,411
693,DEN,GDP,weather constraint,3,2,-1,6.536854764413415,0.696969696969697,0.09375,928
694,LGA,GS,weather constraint,6,3,5,13.451681411717049,0.5,0.125,423
695,EWR,GS,weather constraint,9,10,3,17.116955206972687,1.0,0.2941176470588235,310
696,ORD,GS,weather constraint,5,3,2,5.28149554705892,0.6326530612244898,0.25,990
697,ORD,GDP,weather constraint,5,3,2,5.28149554705892,0.6326530612244898,0.25,990
698,JFK,GS,weather constraint,6,-1,-6,12.224453827882705,0.9,0.2222222222222222,303
699,EWR,GDP,weather constraint,18,13,12,17.116955206972687,0.9090909090909092,0.2941176470588235,296
700,LGA,GS,weather constraint,14,11,13,13.451681411717049,0.5,0.125,398
701,LGA,GDP,weather constraint,13,10,12,13.451681411717049,0.5,0.125,398
702,JFK,GDP,weather constraint,11,4,-1,12.224453827882705,0.9,0.2222222222222222,315
703,EWR,GS,weather constraint,13,14,7,17.116955206972687,1.0,0.2941176470588235,301
704,EWR,GDP,weather constraint,18,13,12,17.116955206972687,0.9090909090909092,0.2941176470588235,296
705,EWR,GS,weather constraint,12,10,13,17.30006070157362,0.8571428571428571,0.5,301
706,LGA,GS,weather constraint,11,7,10,14.254205737088629,0.7692307692307693,0.5,397
707,JFK,GS,weather constraint,-6,6,11,8.986096876196312,0.4375,0.1818181818181818,304
708,EWR,GS,weather constraint,12,10,13,17.30006070157362,0.8571428571428571,0.5,301
709,LGA,GS,weather constraint,11,7,10,14.254205737088629,0.7692307692307693,0.5,397
710,JFK,GS,weather constraint,-6,6,11,8.986096876196312,0.4375,0.1818181818181818,304
711,EWR,GDP,runway or surface constraint,17,-5,18,17.30006070157362,1.0,0.5,296
712,LGA,GDP,weather constraint,13,9,12,14.254205737088629,0.7692307692307693,0.5,397
713,LGA,GS,weather constraint,8,4,7,14.254205737088629,0.7692307692307693,0.5,379
714,LGA,GS,weather constraint,6,2,5,14.254205737088629,0.7692307692307693,0.5,362
715,ORD,GDP,weather constraint,2,2,1,4.56124097710283,0.7551020408163265,0.1739130434782608,971
716,LGA,GS,weather constraint,6,2,5,14.254205737088629,0.7692307692307693,0.5,362
717,EWR,GS,weather constraint,7,5,8,17.30006070157362,0.8571428571428571,0.5,304
718,LGA,GS,weather constraint,5,1,4,14.254205737088629,0.7692307692307693,0.5,359
719,LGA,GS,weather constraint,5,1,4,14.254205737088629,0.7692307692307693,0.5,359
720,EWR,GS,weather constraint,6,4,7,17.30006070157362,0.8571428571428571,0.5,295
721,ORD,GS,weather constraint,2,2,1,4.56124097710283,0.7551020408163265,0.1739130434782608,971
722,EWR,GDP,weather constraint,17,-5,18,17.30006070157362,1.0,0.5,296
723,EWR,GS,weather constraint,16,-6,17,17.30006070157362,1.0,0.5,295
724,LGA,GS,weather constraint,14,10,13,14.254205737088629,0.7692307692307693,0.5,397
725,LGA,GS,weather constraint,14,10,13,14.254205737088629,0.7692307692307693,0.5,397
726,LGA,GDP,weather constraint,13,9,12,14.254205737088629,0.7692307692307693,0.5,397
727,LGA,GS,other constraint,12,8,11,14.254205737088629,0.7692307692307693,0.5,397
728,LGA,GS,weather constraint,12,8,11,14.254205737088629,0.7692307692307693,0.5,397
729,ORD,GS,weather constraint,1,1,0,4.56124097710283,0.7551020408163265,0.1739130434782608,972
730,CLT,GS,weather constraint,1,17,11,1.228172221861597,1.0,0.2307692307692307,534
731,DFW,GS,other constraint,2,0,7,1.336006696490979,0.5510204081632653,1.0,925
732,DFW,GS,weather constraint,2,12,3,2.3334929826243407,0.5,0.4875,886
733,DEN,GS,weather constraint,1,-2,8,1.495305383585639,0.2105263157894736,0.125,809
734,DFW,GS,weather constraint,1,11,2,2.3334929826243407,0.5,0.4875,916
735,EWR,GDP,facility constraint,15,18,15,12.815106318251951,0.5,0.1,294
736,LGA,GS,weather constraint,1,8,11,3.0839048599031504,0.2142857142857142,0.0434782608695652,359
737,DEN,GS,weather constraint,9,6,11,7.873750122061813,0.8192771084337349,0.1176470588235294,946
738,DEN,GDP,weather constraint,8,5,10,7.873750122061813,0.8192771084337349,0.1176470588235294,936
739,DEN,GS,weather constraint,6,3,8,7.873750122061813,0.8192771084337349,0.1176470588235294,949
740,DFW,GS,weather constraint,5,6,13,5.253132286030496,0.6428571428571429,0.25,940
741,DEN,GS,weather constraint,6,3,8,7.873750122061813,0.8192771084337349,0.1176470588235294,949
742,DFW,GS,weather constraint,3,4,11,5.253132286030496,0.6428571428571429,0.25,941
743,DEN,GDP,weather constraint,8,5,10,7.873750122061813,0.8192771084337349,0.1176470588235294,936
744,DFW,GS,weather constraint,3,4,11,5.253132286030496,0.6428571428571429,0.25,941
745,DFW,GS,weather constraint,3,4,11,5.253132286030496,0.6428571428571429,0.25,941
746,DFW,GS,weather constraint,1,2,9,5.253132286030496,0.6428571428571429,0.25,939
747,EWR,GDP,facility constraint,9,7,17,11.48984232189537,0.2222222222222222,0.0714285714285714,310
748,DFW,GS,weather constraint,5,7,-5,4.913186786756956,0.6197183098591549,0.1320754716981132,961
749,DEN,GDP,weather constraint,5,3,16,7.121210992474773,0.5,0.025,938
750,DFW,GS,weather constraint,3,4,11,5.253132286030496,0.6428571428571429,0.25,941
751,DFW,GS,weather constraint,2,4,2,4.913186786756956,0.6197183098591549,0.0919540229885057,965
752,DFW,GS,weather constraint,2,4,2,4.913186786756956,0.6197183098591549,0.0919540229885057,965
753,EWR,GDP,runway or surface constraint,9,7,0,11.540076495277926,0.5,0.0769230769230769,290
754,ORD,GS,weather constraint,7,4,4,6.744847101442301,0.7804878048780488,0.1219512195121951,949
755,ORD,GDP,weather constraint,7,4,4,6.744847101442301,0.7804878048780488,0.1219512195121951,949
756,EWR,GDP,runway or surface constraint,10,9,3,11.825095047289249,0.7777777777777778,0.0833333333333333,292
757,EWR,GS,runway or surface constraint,10,9,3,11.825095047289249,0.7777777777777778,0.0833333333333333,292
758,JFK,GS,demand constraint,10,9,-6,8.039339401043705,0.4,0.0,312
759,JFK,GDP,weather constraint,9,8,-6,8.039339401043705,0.4,0.0,304
760,ORD,GS,runway or surface constraint,-6,4,-4,4.2509359043667505,0.1267605633802817,0.0307692307692307,971
761,EWR,GDP,runway or surface constraint,10,9,3,11.825095047289249,0.7777777777777778,0.0833333333333333,292
762,EWR,GS,runway or surface constraint,8,7,1,11.825095047289249,0.7777777777777778,0.0833333333333333,298
763,EWR,GS,runway or surface constraint,8,7,1,11.825095047289249,0.7777777777777778,0.0833333333333333,298
764,EWR,GDP,runway or surface constraint,17,14,5,15.460333059892038,0.875,0.2,283
765,LGA,GS,weather constraint,9,8,10,7.71810196281155,0.25,0.0434782608695652,427
766,LGA,GDP,weather constraint,8,7,9,7.71810196281155,0.25,0.0434782608695652,421
767,EWR,GS,runway or surface constraint,10,7,-2,15.460333059892038,0.875,0.2,303
768,EWR,GDP,runway or surface constraint,17,14,5,15.460333059892038,0.875,0.2,283
769,DFW,GS,weather constraint,1,7,4,1.5134899895269722,0.3846153846153846,0.0705882352941176,957
770,EWR,GS,runway or surface constraint,14,-6,1,16.105390077803683,0.4,0.05,292
771,EWR,GDP,runway or surface constraint,13,18,0,16.105390077803683,0.5,0.05,289
772,DEN,GS,runway or surface constraint,18,14,-4,4.542570787847718,0.1363636363636363,0.0333333333333333,957
773,DEN,GS,runway or surface constraint,18,14,-4,4.542570787847718,0.1363636363636363,0.0333333333333333,957
774,EWR,GS,facility constraint,18,12,2,16.134151267833953,0.75,0.0625,270
775,EWR,GDP,facility constraint,17,11,1,16.134151267833953,0.75,0.0625,267
776,DEN,GDP,runway or surface constraint,13,11,10,9.791806638466726,0.7638888888888888,0.140625,832
777,EWR,GDP,facility constraint,17,11,1,16.134151267833953,0.75,0.0625,267
778,DEN,GDP,runway or surface constraint,5,3,2,9.791806638466726,0.7638888888888888,0.140625,903
779,DEN,GS,weather constraint,7,5,4,9.791806638466726,0.7638888888888888,0.140625,894
780,DEN,GS,weather constraint,6,4,3,9.791806638466726,0.7638888888888888,0.140625,856
781,DEN,GDP,weather constraint,5,3,2,9.791806638466726,0.7638888888888888,0.140625,903
782,DEN,GS,weather constraint,4,2,1,9.791806638466726,0.7638888888888888,0.140625,849
783,DEN,GS,weather constraint,4,2,1,9.791806638466726,0.7638888888888888,0.140625,849
784,DEN,GS,weather constraint,2,0,-1,9.791806638466726,0.7638888888888888,0.140625,857
785,DEN,GS,weather constraint,2,0,-1,9.791806638466726,0.7638888888888888,0.140625,857
786,EWR,GDP,facility constraint,15,-2,17,16.4007391151224,0.25,0.1666666666666666,280
787,JFK,GDP,other constraint,10,1,-6,8.760568309329672,0.5,0.0,320
788,JFK,GDP,other constraint,11,2,-6,8.760568309329672,0.5,0.0,304
789,DEN,GDP,weather constraint,18,9,-5,8.863733130024702,1.0,0.074074074074074,970
790,DEN,GS,weather constraint,7,10,-4,8.407316799017591,1.0,0.074074074074074,939
791,DEN,GS,weather constraint,4,2,1,9.791806638466726,0.7638888888888888,0.140625,849
792,DEN,GS,weather constraint,10,8,14,13.425806332053803,0.875,1.0,1004
793,DEN,GS,weather constraint,9,7,13,13.425806332053803,0.875,1.0,970
794,DFW,GS,weather constraint,8,9,12,11.48294966393971,1.0,0.3333333333333333,939
795,DFW,GS,weather constraint,8,9,12,11.48294966393971,1.0,0.3333333333333333,939
796,DEN,GS,weather constraint,8,6,12,13.425806332053803,0.875,1.0,1006
797,DEN,GDP,weather constraint,8,6,12,13.425806332053803,0.875,1.0,1006
798,DFW,GDP,weather constraint,10,11,14,11.48294966393971,1.0,0.3333333333333333,961
799,DFW,GDP,weather constraint,17,18,13,11.48294966393971,1.0,0.3043478260869565,902
800,DFW,GS,weather constraint,18,12,14,11.48294966393971,0.5769230769230769,0.3043478260869565,907
801,DEN,GS,weather constraint,18,-5,13,13.425806332053803,1.0,0.1846153846153846,937
802,DEN,GDP,weather constraint,17,-6,18,13.425806332053803,1.0,0.5,934
803,SFO,GDP,weather constraint,15,14,8,7.355667424878033,0.4666666666666667,0.125,431
804,DFW,GS,weather constraint,11,12,15,11.48294966393971,1.0,0.3333333333333333,959
805,DEN,GDP,weather constraint,8,6,12,13.425806332053803,0.875,1.0,1006
806,DFW,GDP,weather constraint,10,11,14,11.48294966393971,1.0,0.3333333333333333,961
807,DFW,GS,weather constraint,5,6,9,11.48294966393971,1.0,0.3333333333333333,952
808,SFO,GDP,weather constraint,5,4,-2,7.355667424878033,0.4666666666666667,0.125,450
809,DEN,GS,weather constraint,16,13,-1,14.433345310234655,0.8414634146341463,1.0,888
810,DEN,GS,weather constraint,16,13,-1,14.433345310234655,0.8414634146341463,1.0,888
811,DEN,GDP,weather constraint,15,12,-2,14.433345310234655,0.8414634146341463,1.0,870
812,DEN,GS,weather constraint,11,8,-6,14.433345310234655,0.8414634146341463,1.0,863
813,DFW,GS,weather constraint,5,6,9,11.48294966393971,1.0,0.3333333333333333,952
814,ATL,GS,weather constraint,6,5,-1,5.832814460718335,0.5416666666666666,0.0196078431372549,942
815,ATL,GS,weather constraint,5,4,-2,5.832814460718335,0.5416666666666666,0.0196078431372549,907
816,ATL,GS,weather constraint,5,4,-2,5.832814460718335,0.5416666666666666,0.0196078431372549,907
817,DEN,GDP,weather constraint,5,2,-6,14.433345310234655,0.8414634146341463,0.1,940
818,ATL,GDP,weather constraint,4,3,-3,5.832814460718335,0.5416666666666666,0.0196078431372549,913
819,DEN,GS,weather constraint,6,3,-5,14.433345310234655,0.8414634146341463,0.1,903
820,SFO,GS,weather constraint,5,4,-2,7.355667424878033,0.4666666666666667,0.125,450
821,DFW,GS,weather constraint,1,13,5,3.863951816172636,0.3580246913580246,0.0153846153846153,871
822,DEN,GDP,weather constraint,6,4,-3,10.369415553831221,0.6944444444444444,0.0555555555555555,963
823,DEN,GS,weather constraint,7,5,-2,10.369415553831221,0.6944444444444444,0.0555555555555555,924
824,EWR,GDP,runway or surface constraint,16,10,-6,11.750847187048036,0.625,0.0,289
825,DEN,GDP,weather constraint,13,10,13,12.523777559849286,0.2528735632183908,0.0285714285714285,943
826,EWR,GS,runway or surface constraint,12,15,-6,11.750847187048036,1.0,0.0,296
827,LGA,GS,demand constraint,1,10,-5,1.5405493027007695,0.1764705882352941,0.0,405
828,DEN,GS,runway or surface constraint,6,3,6,12.523777559849286,0.2528735632183908,0.0285714285714285,988
829,DEN,GDP,runway or surface constraint,5,2,5,12.523777559849286,0.2528735632183908,0.0285714285714285,1025
830,DEN,GS,runway or surface constraint,6,11,5,8.738207266057298,0.5,0.0769230769230769,1024
831,DEN,GS,runway or surface constraint,5,10,4,8.738207266057298,0.5,0.0769230769230769,971
832,DEN,GS,runway or surface constraint,5,10,4,8.738207266057298,0.5,0.0769230769230769,971
833,DEN,GS,runway or surface constraint,5,10,4,8.738207266057298,0.5,0.0769230769230769,971
834,DEN,GS,runway or surface constraint,3,8,2,8.738207266057298,0.5,0.0769230769230769,956
835,ATL,GS,weather constraint,1,9,11,2.06836471932282,0.3529411764705882,0.1428571428571428,990
836,ATL,GS,weather constraint,0,8,10,2.06836471932282,0.3529411764705882,0.1428571428571428,1015
837,DEN,GS,weather constraint,1,6,0,8.738207266057298,0.5,0.0769230769230769,930
838,DEN,GS,runway or surface constraint,3,8,2,8.738207266057298,0.5,0.0769230769230769,956
839,JFK,GS,weather constraint,-6,18,13,0.009067663372556713,0.2142857142857142,0.0769230769230769,192
840,DEN,GDP,runway or surface constraint,5,4,15,5.639603547429122,0.6617647058823529,0.0196078431372549,988
841,DEN,GS,weather constraint,4,3,14,5.639603547429122,0.6617647058823529,0.0196078431372549,1024
842,DEN,GS,weather constraint,4,3,14,5.639603547429122,0.6617647058823529,0.0196078431372549,1024
843,DFW,GS,weather constraint,1,2,5,1.382676830132176,0.32,0.0476190476190476,939
844,DEN,GS,weather constraint,3,2,13,5.639603547429122,0.6617647058823529,0.0196078431372549,980
845,DEN,GDP,runway or surface constraint,6,12,3,7.502736271026188,1.0,0.0153846153846153,1009
846,DEN,GDP,weather constraint,12,-4,9,10.312501867854257,1.0,0.0384615384615384,856
847,ORD,GS,weather constraint,4,1,-6,4.493425377255869,0.1714285714285714,0.0,946
848,ORD,GDP,weather constraint,3,0,-6,4.493425377255869,0.1714285714285714,0.0,962
849,DEN,GDP,runway or surface constraint,5,3,2,10.312501867854257,0.2592592592592592,0.0384615384615384,899
850,DEN,GDP,weather constraint,3,2,-2,6.721012358886531,0.4375,0.0285714285714285,924
851,EWR,GS,facility constraint,5,2,0,5.147301257251504,0.1764705882352941,0.0666666666666666,294
852,EWR,GDP,facility constraint,4,1,-1,5.147301257251504,0.1764705882352941,0.0666666666666666,288
853,DEN,GS,weather constraint,8,5,15,10.564435128386544,0.8571428571428571,0.1153846153846153,1055
854,DEN,GS,weather constraint,7,4,14,10.564435128386544,0.8571428571428571,0.1153846153846153,1009
855,DEN,GS,weather constraint,17,14,15,10.564435128386544,0.8571428571428571,0.0625,971
856,DEN,GS,weather constraint,2,1,-3,6.721012358886531,0.4375,0.0285714285714285,979
857,DEN,GS,weather constraint,16,13,14,10.564435128386544,0.8571428571428571,0.0625,970
858,DEN,GS,weather constraint,2,1,-3,6.721012358886531,0.4375,0.0285714285714285,979
859,DEN,GDP,weather constraint,9,6,16,10.564435128386544,0.8571428571428571,0.1153846153846153,1019
860,LGA,GS,weather constraint,9,6,5,7.662006108542613,0.6785714285714286,0.5185185185185185,394
861,EWR,GS,weather constraint,9,5,16,7.994828295409388,0.6,0.3333333333333333,298
862,LGA,GS,weather constraint,9,6,5,7.662006108542613,0.6785714285714286,0.5185185185185185,394
863,DEN,GDP,weather constraint,7,2,9,10.13287385528376,0.7674418604651163,0.0909090909090909,1010
864,EWR,GDP,weather constraint,7,3,14,7.994828295409388,0.6,0.3333333333333333,290
865,LGA,GDP,weather constraint,7,4,3,7.662006108542613,0.6785714285714286,0.5185185185185185,394
866,JFK,GS,weather constraint,7,5,3,6.156258235255103,0.4761904761904761,0.2,315
867,JFK,GDP,weather constraint,6,4,2,6.156258235255103,0.4761904761904761,0.2,313
868,LGA,GS,weather constraint,6,3,2,7.662006108542613,0.6785714285714286,0.5185185185185185,383
869,EWR,GS,weather constraint,6,2,13,7.994828295409388,0.6,0.3333333333333333,284
870,LGA,GS,weather constraint,9,6,5,7.662006108542613,0.6785714285714286,0.5185185185185185,394
871,EWR,GS,weather constraint,9,5,16,7.994828295409388,0.6,0.3333333333333333,298
872,JFK,GS,other constraint,3,1,0,5.701631050625672,0.5625,0.1428571428571428,296
873,ATL,GS,weather constraint,2,2,11,3.70995533429162,0.5925925925925926,0.125,868
874,JFK,GS,weather constraint,3,1,0,5.701631050625672,0.5625,0.1428571428571428,296
875,ATL,GDP,other constraint,2,2,11,3.70995533429162,0.5925925925925926,0.125,868
876,JFK,GS,weather constraint,3,1,0,5.701631050625672,0.5625,0.1428571428571428,296
877,LGA,GS,weather constraint,2,-6,-2,5.724753223742336,0.3333333333333333,0.0769230769230769,250
878,LGA,GS,weather constraint,2,-6,-2,5.724753223742336,0.3333333333333333,0.0769230769230769,250
879,ATL,GS,weather constraint,3,3,12,3.70995533429162,0.5925925925925926,0.125,854
880,JFK,GS,weather constraint,3,1,0,5.701631050625672,0.5625,0.1428571428571428,296
881,ATL,GS,weather constraint,3,3,12,3.70995533429162,0.5925925925925926,0.125,854
882,DEN,GDP,runway or surface constraint,6,3,8,7.185631986175542,0.4675324675324675,0.125,1018
883,ORD,GS,weather constraint,5,3,14,5.841421549309721,0.6551724137931034,0.125,1089
884,ORD,GS,weather constraint,5,3,14,5.841421549309721,0.6551724137931034,0.125,1089
885,ORD,GDP,weather constraint,4,2,13,5.841421549309721,0.6551724137931034,0.125,1048
886,DFW,GS,weather constraint,2,7,4,2.352750199463352,0.7142857142857143,0.5730337078651685,1051
887,DFW,GS,weather constraint,2,7,4,2.352750199463352,0.7142857142857143,0.5730337078651685,1051
888,DFW,GS,weather constraint,1,6,3,2.352750199463352,0.7142857142857143,0.5730337078651685,1003
889,JFK,GS,weather constraint,1,-1,-2,5.701631050625672,0.5625,0.1428571428571428,306
890,DEN,GS,weather constraint,14,11,16,7.185631986175542,0.4675324675324675,0.125,970
891,DEN,GS,weather constraint,13,10,15,7.185631986175542,0.4675324675324675,0.125,970
892,JFK,GDP,weather constraint,8,5,2,8.549129276266298,0.7647058823529411,0.1,308
893,ORD,GS,weather constraint,6,4,15,5.841421549309721,0.6551724137931034,0.125,1066
894,JFK,GS,weather constraint,11,5,2,11.073570823690423,0.5,0.0714285714285714,326
895,JFK,GDP,weather constraint,10,4,1,11.073570823690423,0.5,0.0714285714285714,319
896,JFK,GDP,weather constraint,10,4,1,11.073570823690423,0.5,0.0714285714285714,319
897,EWR,GS,other constraint,1,2,5,3.0743621028010426,0.625,0.0714285714285714,268
898,ORD,GS,other constraint,1,13,-5,2.0059602186973127,0.2666666666666666,0.0,954
899,ATL,GS,weather constraint,4,7,4,4.158990897123742,0.3846153846153846,0.032258064516129,939
900,ATL,GS,weather constraint,4,7,4,4.158990897123742,0.3846153846153846,0.032258064516129,939
901,ATL,GS,weather constraint,4,7,4,4.158990897123742,0.3846153846153846,0.032258064516129,939
902,ATL,GS,weather constraint,1,4,1,4.158990897123742,0.3846153846153846,0.032258064516129,939
903,ATL,GS,weather constraint,1,4,1,4.158990897123742,0.3846153846153846,0.032258064516129,939
904,SFO,GDP,weather constraint,16,1,2,5.144365750391281,0.2592592592592592,0.0232558139534883,412
905,SFO,GS,weather constraint,3,5,12,4.507714824187111,1.0,0.0555555555555555,444
906,SFO,GDP,weather constraint,4,6,13,4.507714824187111,1.0,0.0555555555555555,442
907,LGA,GS,weather constraint,13,3,5,10.334594352409901,0.7894736842105263,0.1333333333333333,400
908,LGA,GS,weather constraint,13,3,5,10.334594352409901,0.7894736842105263,0.1333333333333333,400
909,LGA,GS,weather constraint,13,3,5,10.334594352409901,0.7894736842105263,0.1333333333333333,400
910,EWR,GS,weather constraint,3,4,7,3.0743621028010426,0.625,0.0714285714285714,268
911,ATL,GS,weather constraint,18,18,14,1.6594297430176161,0.2352941176470588,0.0196078431372549,1014
912,EWR,GS,weather constraint,2,3,6,3.0743621028010426,0.625,0.0714285714285714,267
913,LGA,GDP,weather constraint,11,1,3,10.334594352409901,0.7894736842105263,0.1333333333333333,400
914,LGA,GS,weather constraint,11,1,3,10.334594352409901,0.7894736842105263,0.1333333333333333,400
915,DEN,GS,weather constraint,6,3,4,6.1954685505484095,0.5176470588235295,0.0666666666666666,965
916,DEN,GS,weather constraint,6,3,4,6.1954685505484095,0.5176470588235295,0.0666666666666666,965
917,DEN,GDP,weather constraint,5,2,3,6.1954685505484095,0.5176470588235295,0.0666666666666666,1001
918,DFW,GDP,weather constraint,15,3,11,11.228505610658038,0.7721518987341772,0.4523809523809524,916
919,SFO,GDP,weather constraint,15,13,7,7.287524511183432,0.2857142857142857,0.0294117647058823,413
920,DFW,GS,weather constraint,14,2,10,11.228505610658038,0.7721518987341772,0.4523809523809524,916
921,DFW,GS,weather constraint,14,2,10,11.228505610658038,0.7721518987341772,0.4523809523809524,916
922,DFW,GS,weather constraint,13,1,9,11.228505610658038,0.7721518987341772,0.4523809523809524,919
923,DFW,GDP,weather constraint,15,3,11,11.228505610658038,0.7721518987341772,0.4523809523809524,916
924,DFW,GS,weather constraint,10,-2,6,11.228505610658038,0.7721518987341772,0.4523809523809524,980
925,CLT,GS,other constraint,4,1,5,4.0243812500000065,0.6875,1.0,592
926,ATL,GS,weather constraint,2,1,3,3.570721785088595,0.4754098360655737,0.0769230769230769,1044
927,ORD,GS,facility constraint,1,3,5,1.0194540223175865,0.2264150943396226,0.0434782608695652,1099
928,SFO,GDP,facility constraint,4,2,15,7.287524511183432,0.2857142857142857,0.0555555555555555,431
929,DFW,GDP,weather constraint,5,14,2,10.774023426676264,0.4,0.0588235294117647,957
930,DEN,GDP,weather constraint,4,1,-3,6.411934391118785,0.5,0.032258064516129,1057
931,ATL,GS,weather constraint,3,2,4,3.570721785088595,0.4754098360655737,0.0769230769230769,1033
932,ATL,GS,weather constraint,3,2,4,3.570721785088595,0.4754098360655737,0.0769230769230769,1033
933,DEN,GS,weather constraint,4,1,-3,6.411934391118785,0.5,0.032258064516129,1057
934,JFK,GS,weather constraint,7,5,-6,6.112954997531285,0.3333333333333333,0.0714285714285714,313
935,JFK,GDP,weather constraint,6,4,-1,6.112954997531285,0.3333333333333333,0.0714285714285714,313
936,DEN,GS,weather constraint,6,4,3,7.795191155095977,0.5609756097560976,0.072463768115942,1012
937,DEN,GS,weather constraint,5,3,2,7.795191155095977,0.5609756097560976,0.072463768115942,1050
938,CLT,GS,weather constraint,3,0,4,4.0243812500000065,0.6875,1.0,578
939,ORD,GDP,facility constraint,5,4,7,5.566808807764611,0.320754716981132,0.0434782608695652,1052
940,DEN,GS,weather constraint,4,2,1,7.795191155095977,0.5609756097560976,0.072463768115942,998
941,ATL,GS,weather constraint,1,0,2,3.570721785088595,0.4754098360655737,0.0769230769230769,1060
942,CLT,GS,weather constraint,2,-1,3,4.0243812500000065,0.6875,1.0,607
943,CLT,GS,weather constraint,1,-2,2,4.0243812500000065,0.6875,1.0,575
944,CLT,GS,other constraint,4,1,5,4.0243812500000065,0.6875,1.0,592
945,ORD,GDP,facility constraint,5,4,7,5.566808807764611,0.320754716981132,0.0434782608695652,1052
946,DEN,GDP,weather constraint,6,4,3,7.795191155095977,0.5609756097560976,0.072463768115942,1012
947,ATL,GS,weather constraint,5,5,15,4.871651227779902,0.42,0.1538461538461538,877
948,DEN,GDP,weather constraint,2,2,7,5.5072429770062135,0.2972972972972973,0.0454545454545454,963
949,ATL,GS,weather constraint,4,4,14,4.871651227779902,0.42,0.1538461538461538,872
950,DEN,GS,weather constraint,2,2,7,5.5072429770062135,0.2972972972972973,0.0454545454545454,963
951,ATL,GS,weather constraint,2,2,12,4.871651227779902,0.42,0.1538461538461538,884
952,DEN,GS,weather constraint,2,2,7,5.5072429770062135,0.2972972972972973,0.0454545454545454,963
953,ATL,GS,weather constraint,1,1,11,4.871651227779902,0.42,0.1538461538461538,904
954,SFO,GS,runway or surface constraint,1,1,14,1.6871733101918143,0.21875,0.0294117647058823,442
955,DEN,GDP,weather constraint,6,4,3,7.795191155095977,0.5609756097560976,0.072463768115942,1012
956,ATL,GS,weather constraint,1,1,2,2.223444903546552,0.375,0.12,996
957,DFW,GS,weather constraint,8,12,7,9.722711227944453,1.0,0.303030303030303,1029
958,DFW,GDP,weather constraint,11,15,10,9.722711227944453,1.0,0.303030303030303,959
959,DEN,GDP,weather constraint,4,2,9,5.9589837728798045,0.5454545454545454,0.25,1061
960,CLT,GS,weather constraint,5,5,17,3.546942452451293,0.7058823529411765,0.1136363636363636,583
961,CLT,GS,weather constraint,4,4,16,3.546942452451293,0.7058823529411765,0.1136363636363636,607
962,CLT,GS,weather constraint,4,4,16,3.546942452451293,0.7058823529411765,0.1136363636363636,607
963,DEN,GS,weather constraint,4,2,9,5.9589837728798045,0.5454545454545454,0.25,1061
964,DEN,GS,weather constraint,4,2,9,5.9589837728798045,0.5454545454545454,0.25,1061
965,CLT,GS,weather constraint,1,1,13,3.546942452451293,0.7058823529411765,0.1136363636363636,593
966,ATL,GS,weather constraint,0,0,10,4.871651227779902,0.42,0.1538461538461538,919
967,DFW,GS,weather constraint,12,16,11,9.722711227944453,1.0,0.303030303030303,956
968,DFW,GDP,weather constraint,11,15,10,9.722711227944453,1.0,0.303030303030303,959
969,DFW,GS,weather constraint,11,15,10,9.722711227944453,1.0,0.303030303030303,959
970,DFW,GDP,weather constraint,11,15,10,9.722711227944453,1.0,0.303030303030303,959
971,DFW,GS,weather constraint,9,13,8,9.722711227944453,1.0,0.303030303030303,997
972,JFK,GDP,weather constraint,5,0,6,5.802671333744918,0.5,0.1428571428571428,314
973,DFW,GS,weather constraint,8,12,7,9.722711227944453,1.0,0.303030303030303,1029
974,CLT,GS,other constraint,7,6,7,5.742444408732337,0.8,0.5,567
975,CLT,GS,other constraint,6,5,6,5.742444408732337,0.8,0.5,583
976,CLT,GS,other constraint,0,0,12,3.546942452451293,0.7058823529411765,0.1136363636363636,580
977,JFK,GDP,weather constraint,5,12,-5,6.975811862132074,0.2222222222222222,0.0666666666666666,310
978,CLT,GS,weather constraint,3,2,3,5.742444408732337,0.8,0.5,592
979,DEN,GDP,weather constraint,14,12,11,11.334573846053722,0.8,0.2711864406779661,908
980,ATL,GS,weather constraint,5,1,1,5.758493284246544,0.6,0.04,959
981,ATL,GS,weather constraint,5,1,1,5.758493284246544,0.6,0.04,959
982,ATL,GDP,other constraint,4,0,0,5.758493284246544,0.6,0.04,951
983,CLT,GS,weather constraint,2,1,2,5.742444408732337,0.8,0.5,564
984,CLT,GS,weather constraint,0,-1,0,5.742444408732337,0.8,0.5,560
985,DEN,GDP,weather constraint,14,12,11,11.334573846053722,0.8,0.2711864406779661,908
986,LGA,GS,weather constraint,16,9,13,11.40255103769508,0.925925925925926,0.2592592592592592,401
987,LGA,GS,weather constraint,16,9,13,11.40255103769508,0.925925925925926,0.2592592592592592,401
988,LGA,GDP,weather constraint,15,8,12,11.40255103769508,0.925925925925926,0.2592592592592592,401
989,DEN,GS,runway or surface constraint,18,10,18,5.55499265122805,0.5,0.0449438202247191,1049
990,LGA,GS,weather constraint,14,7,11,11.40255103769508,0.925925925925926,0.2592592592592592,401
991,JFK,GDP,weather constraint,10,3,7,10.64419198739891,0.7857142857142857,0.0588235294117647,315
992,LGA,GS,weather constraint,12,5,9,11.40255103769508,0.925925925925926,0.2592592592592592,401
993,LGA,GDP,weather constraint,15,8,12,11.40255103769508,0.925925925925926,0.2592592592592592,401
994,JFK,GS,facility constraint,10,3,7,10.64419198739891,0.7857142857142857,0.0588235294117647,315
995,DEN,GS,weather constraint,11,9,8,11.334573846053722,0.8,0.2711864406779661,908
996,DEN,GS,weather constraint,11,9,8,11.334573846053722,0.8,0.2711864406779661,908
997,CLT,GS,weather constraint,3,2,3,5.742444408732337,0.8,0.5,592
998,DEN,GS,weather constraint,9,7,6,11.334573846053722,0.8,0.2711864406779661,926
999,DEN,GS,weather constraint,9,7,6,11.334573846053722,0.8,0.2711864406779661,926
1000,ATL,GS,weather constraint,6,2,2,5.758493284246544,0.6,0.04,953
1001,ATL,GS,weather constraint,2,2,9,4.889855985248217,0.4181818181818181,0.0666666666666666,1000
1002,LGA,GS,weather constraint,8,2,4,11.637382770654584,0.8181818181818182,0.3928571428571428,425
1003,ATL,GS,weather constraint,1,1,8,4.889855985248217,0.4181818181818181,0.0666666666666666,968
1004,LGA,GS,weather constraint,5,-1,1,11.637382770654584,0.8181818181818182,0.3928571428571428,425
1005,ORD,GDP,facility constraint,10,6,6,8.99430295502893,0.7647058823529411,0.1568627450980392,1059
1006,LGA,GS,weather constraint,5,-1,1,11.637382770654584,0.8181818181818182,0.3928571428571428,425
1007,ORD,GS,facility constraint,17,13,13,8.99430295502893,0.7647058823529411,0.1568627450980392,985
1008,JFK,GDP,weather constraint,11,8,3,12.128719451692017,0.8823529411764706,0.2857142857142857,314
1009,ORD,GDP,weather constraint,10,6,6,8.99430295502893,0.7647058823529411,0.1568627450980392,1059
1010,LGA,GDP,weather constraint,10,4,6,11.637382770654584,0.8181818181818182,0.3928571428571428,419
1011,EWR,GDP,weather constraint,8,5,15,6.878432913772183,0.8125,0.2,344
1012,EWR,GS,weather constraint,11,6,5,10.988736871294105,0.8125,0.2631578947368421,352
1013,LGA,GDP,weather constraint,10,3,6,12.02198619553107,0.6153846153846154,0.75,419
1014,EWR,GS,weather constraint,9,4,3,10.988736871294105,0.8125,0.2631578947368421,350
1015,LGA,GS,other constraint,7,0,3,12.02198619553107,0.6153846153846154,0.75,426
1016,LGA,GS,weather constraint,7,0,3,12.02198619553107,0.6153846153846154,0.75,426
1017,LGA,GS,other constraint,7,0,3,12.02198619553107,0.6153846153846154,0.75,426
1018,EWR,GS,weather constraint,9,4,3,10.988736871294105,0.8125,0.2631578947368421,350
1019,LGA,GS,other constraint,6,-1,2,12.02198619553107,0.6153846153846154,0.75,419
1020,LGA,GS,weather constraint,5,-2,1,12.02198619553107,0.6153846153846154,0.75,425
1021,EWR,GS,weather constraint,7,2,1,10.988736871294105,0.8125,0.2631578947368421,347
1022,JFK,GS,weather constraint,4,3,1,11.932642148763252,0.8947368421052632,0.4,314
1023,LGA,GS,weather constraint,4,-3,0,12.02198619553107,0.6153846153846154,0.75,430
1024,JFK,GS,weather constraint,3,2,0,11.932642148763252,0.8947368421052632,0.4,316
1025,EWR,GDP,weather constraint,10,5,4,10.988736871294105,0.8125,0.2631578947368421,355
1026,JFK,GDP,weather constraint,9,8,6,11.932642148763252,0.8947368421052632,0.4,325
1027,EWR,GDP,weather constraint,10,5,4,10.988736871294105,0.8125,0.2631578947368421,355
1028,ATL,GS,weather constraint,1,8,11,2.855297306650804,0.3225806451612903,0.1818181818181818,1022
1029,LGA,GS,weather constraint,10,3,6,12.02198619553107,0.6153846153846154,0.75,419
1030,EWR,GS,weather constraint,11,6,5,10.988736871294105,0.8125,0.2631578947368421,352
1031,LGA,GS,weather constraint,10,3,6,12.02198619553107,0.6153846153846154,0.75,419
1032,SFO,GDP,weather constraint,4,6,6,4.508611040769431,0.5,0.5,452
1033,EWR,GDP,facility constraint,9,5,-2,11.386058293581184,0.625,0.0625,354
1034,SFO,GDP,weather constraint,4,-1,-6,5.4169263972506165,0.2307692307692307,0.0,443
1035,EWR,GDP,facility constraint,14,8,10,13.875882579735062,0.8571428571428571,0.2777777777777778,313
1036,EWR,GDP,facility constraint,14,8,10,13.875882579735062,0.8571428571428571,0.2777777777777778,313
1037,EWR,GDP,facility constraint,14,8,10,13.875882579735062,0.8571428571428571,0.2777777777777778,313
1038,DEN,GS,weather constraint,3,4,10,4.479179794381048,0.3875,0.25,1022
1039,DEN,GS,weather constraint,2,3,9,4.479179794381048,0.3875,0.25,1064
1040,DEN,GS,weather constraint,2,3,9,4.479179794381048,0.3875,0.25,1064
1041,DEN,GS,weather constraint,11,-3,18,4.479179794381048,0.5,0.25,976
1042,LGA,GS,weather constraint,11,8,9,9.491161788450668,0.7586206896551724,0.1538461538461538,365
1043,LGA,GS,weather constraint,11,8,9,9.491161788450668,0.7586206896551724,0.1538461538461538,365
1044,LGA,GDP,weather constraint,10,7,8,9.491161788450668,0.7586206896551724,0.1538461538461538,365
1045,JFK,GS,weather constraint,11,13,10,9.022253324406,0.6666666666666666,0.0625,303
1046,LGA,GS,weather constraint,9,6,7,9.491161788450668,0.7586206896551724,0.1538461538461538,384
1047,LGA,GS,weather constraint,9,6,7,9.491161788450668,0.7586206896551724,0.1538461538461538,384
1048,EWR,GS,weather constraint,11,8,7,13.393579379018476,0.6190476190476191,0.2142857142857142,347
1049,JFK,GS,weather constraint,11,13,10,9.022253324406,0.6666666666666666,0.0625,303
1050,EWR,GS,weather constraint,11,8,7,13.393579379018476,0.6190476190476191,0.2142857142857142,347
1051,EWR,GS,weather constraint,10,7,6,13.393579379018476,0.6190476190476191,0.2142857142857142,347
1052,LGA,GS,weather constraint,9,6,7,9.491161788450668,0.7586206896551724,0.1538461538461538,384
1053,JFK,GS,weather constraint,9,11,8,9.022253324406,0.6666666666666666,0.0625,315
1054,EWR,GS,weather constraint,9,6,5,13.393579379018476,0.6190476190476191,0.2142857142857142,349
1055,LGA,GDP,weather constraint,10,7,8,9.491161788450668,0.7586206896551724,0.1538461538461538,365
1056,JFK,GDP,weather constraint,8,10,7,9.022253324406,0.6666666666666666,0.0625,308
1057,EWR,GDP,facility constraint,8,5,4,13.393579379018476,0.6190476190476191,0.2142857142857142,345
1058,DEN,GS,weather constraint,4,5,11,4.479179794381048,0.3875,0.25,1057
1059,DEN,GS,weather constraint,0,1,7,4.479179794381048,0.3875,0.25,1064
1060,SFO,GDP,weather constraint,4,2,11,3.96605932515884,0.2222222222222222,0.0416666666666666,407
1061,DEN,GS,weather constraint,7,5,0,7.059575086090685,0.735632183908046,0.04,927
1062,DEN,GS,weather constraint,7,5,0,7.059575086090685,0.735632183908046,0.04,927
1063,DEN,GDP,weather constraint,6,4,-1,7.059575086090685,0.735632183908046,0.04,995
1064,ORD,GS,weather constraint,2,2,0,2.122301738482828,0.3529411764705882,0.028169014084507,1012
1065,ORD,GS,weather constraint,1,1,-1,2.122301738482828,0.3529411764705882,0.028169014084507,1027
1066,LGA,GS,weather constraint,8,5,1,7.756027706997104,0.6538461538461539,0.3076923076923077,427
1067,DEN,GDP,weather constraint,5,4,6,7.256414707052227,0.5882352941176471,0.0833333333333333,1016
1068,DFW,GS,weather constraint,7,3,7,6.214968505388418,0.59375,0.375,980
1069,LGA,GS,weather constraint,8,5,1,7.756027706997104,0.6538461538461539,0.3076923076923077,427
1070,DFW,GDP,weather constraint,5,1,5,6.214968505388418,0.59375,0.375,958
1071,ORD,GS,weather constraint,5,2,8,5.341577383776469,0.5714285714285714,0.1428571428571428,1020
1072,LGA,GS,other constraint,6,3,-1,7.756027706997104,0.6538461538461539,0.3076923076923077,421
1073,CLT,GS,other constraint,7,2,7,5.074469936408771,0.6428571428571429,1.0,556
1074,LGA,GS,weather constraint,6,3,-1,7.756027706997104,0.6538461538461539,0.3076923076923077,421
1075,LGA,GDP,weather constraint,5,2,-2,7.756027706997104,0.6538461538461539,0.3076923076923077,428
1076,ORD,GS,weather constraint,4,1,7,5.341577383776469,0.5714285714285714,0.1428571428571428,1042
1077,CLT,GS,other constraint,7,2,7,5.074469936408771,0.6428571428571429,1.0,556
1078,ORD,GS,weather constraint,3,0,6,5.341577383776469,0.5714285714285714,0.1428571428571428,1060
1079,DFW,GS,other constraint,3,-1,3,6.214968505388418,0.59375,0.375,962
1080,EWR,GDP,facility constraint,7,4,5,7.048348231108757,0.7272727272727273,0.1111111111111111,346
1081,LGA,GS,weather constraint,9,6,2,7.756027706997104,0.6538461538461539,0.3076923076923077,418
1082,JFK,GS,weather constraint,9,7,2,7.644964272231296,0.6666666666666666,0.0714285714285714,305
1083,LGA,GS,weather constraint,9,6,2,7.756027706997104,0.6538461538461539,0.3076923076923077,418
1084,DFW,GS,weather constraint,7,3,7,6.214968505388418,0.59375,0.375,980
1085,DFW,GS,weather constraint,7,3,7,6.214968505388418,0.59375,0.375,980
1086,JFK,GDP,weather constraint,8,6,1,7.644964272231296,0.6666666666666666,0.0714285714285714,298
1087,ATL,GS,weather constraint,5,9,9,4.125117074065166,0.4166666666666667,0.0833333333333333,1084
1088,LGA,GDP,weather constraint,8,7,4,9.961921021681324,0.7333333333333333,0.5714285714285714,431
1089,DEN,GS,weather constraint,3,2,4,7.256414707052227,0.5882352941176471,0.0833333333333333,1024
1090,ATL,GS,weather constraint,4,8,8,4.125117074065166,0.4166666666666667,0.0833333333333333,1051
1091,EWR,GS,weather constraint,10,13,9,10.382848713073908,1.0,0.1666666666666666,369
1092,ORD,GS,weather constraint,1,-2,4,5.341577383776469,0.5714285714285714,0.1428571428571428,1058
1093,LGA,GS,weather constraint,8,7,4,9.961921021681324,0.7333333333333333,0.5714285714285714,431
1094,ATL,GS,weather constraint,3,7,7,4.125117074065166,0.4166666666666667,0.0833333333333333,1040
1095,EWR,GDP,weather constraint,9,12,8,10.382848713073908,1.0,0.1666666666666666,363
1096,LGA,GS,weather constraint,7,6,3,9.961921021681324,0.7333333333333333,0.5714285714285714,431
1097,LGA,GS,weather constraint,6,5,2,9.961921021681324,0.7333333333333333,0.5714285714285714,424
1098,CLT,GS,other constraint,4,-1,4,5.074469936408771,0.6428571428571429,1.0,565
1099,ATL,GS,weather constraint,1,5,5,4.125117074065166,0.4166666666666667,0.0833333333333333,1039
1100,LGA,GS,weather constraint,5,4,1,9.961921021681324,0.7333333333333333,0.5714285714285714,431
1101,DEN,GS,weather constraint,2,1,3,7.256414707052227,0.5882352941176471,0.0833333333333333,964
1102,EWR,GS,weather constraint,6,9,5,10.382848713073908,1.0,0.1666666666666666,362
1103,CLT,GS,other constraint,3,-2,3,5.074469936408771,0.6428571428571429,1.0,591
1104,LGA,GDP,weather constraint,8,7,4,9.961921021681324,0.7333333333333333,0.5714285714285714,431
1105,DEN,GS,weather constraint,2,1,3,7.256414707052227,0.5882352941176471,0.0833333333333333,964
1106,ORD,GS,weather constraint,1,-2,4,5.341577383776469,0.5714285714285714,0.1428571428571428,1058
1107,DEN,GS,weather constraint,1,0,2,7.256414707052227,0.5882352941176471,0.0833333333333333,1004
1108,ORD,GDP,weather constraint,3,0,6,5.341577383776469,0.5714285714285714,0.1428571428571428,1060
1109,CLT,GS,other constraint,1,-4,1,5.074469936408771,0.6428571428571429,1.0,583
1110,DEN,GS,weather constraint,0,-1,1,7.256414707052227,0.5882352941176471,0.0833333333333333,997
1111,SFO,GDP,weather constraint,4,10,5,5.166411137151319,1.0,0.2,430
1112,JFK,GDP,runway or surface constraint,11,9,7,10.87016488687916,0.75,0.1875,325
1113,EWR,GS,weather constraint,4,7,3,10.382848713073908,1.0,0.1666666666666666,365
1114,EWR,GS,weather constraint,10,8,4,12.799503741658706,0.7777777777777778,0.3333333333333333,366
1115,ORD,GS,weather constraint,0,1,4,2.4584371600550288,0.6909090909090909,0.2857142857142857,1095
1116,LGA,GS,weather constraint,8,6,3,11.835004007394375,0.782608695652174,0.3181818181818182,404
1117,EWR,GDP,weather constraint,11,9,5,12.799503741658706,0.7777777777777778,0.3333333333333333,359
1118,LGA,GDP,weather constraint,10,8,5,11.835004007394375,0.782608695652174,0.3181818181818182,409
1119,ATL,GS,weather constraint,10,9,7,7.678639854581845,0.5,0.7407407407407407,1028
1120,JFK,GS,weather constraint,7,8,2,12.350100419802018,1.0,0.3125,316
1121,DFW,GDP,facility constraint,3,1,5,3.6965879101677146,0.4848484848484848,0.2,1033
1122,CLT,GS,other constraint,3,0,6,4.214481594549762,0.7272727272727273,0.5,570
1123,ATL,GS,weather constraint,6,5,3,7.678639854581845,0.5,0.7407407407407407,1004
1124,CLT,GS,other constraint,3,0,6,4.214481594549762,0.7272727272727273,0.5,570
1125,EWR,GDP,weather constraint,9,12,8,10.382848713073908,1.0,0.1666666666666666,363
1126,ATL,GS,weather constraint,6,5,3,7.678639854581845,0.5,0.7407407407407407,1004
1127,EWR,GS,weather constraint,5,8,4,10.382848713073908,1.0,0.1666666666666666,364
1128,JFK,GDP,weather constraint,11,12,6,12.350100419802018,1.0,0.3125,331
1129,EWR,GDP,weather constraint,11,9,5,12.799503741658706,0.7777777777777778,0.3333333333333333,359
1130,EWR,GS,weather constraint,13,11,7,12.799503741658706,0.7777777777777778,0.3333333333333333,350
1131,CLT,GS,other constraint,1,-2,4,4.214481594549762,0.7272727272727273,0.5,551
1132,ATL,GS,other constraint,5,4,2,7.678639854581845,0.5,0.7407407407407407,998
1133,CLT,GS,other constraint,1,5,-6,2.9445165286522443,0.6666666666666666,0.2068965517241379,555
1134,ATL,GS,other constraint,4,3,1,7.678639854581845,0.5,0.7407407407407407,976
1135,ATL,GS,other constraint,3,2,0,7.678639854581845,0.5,0.7407407407407407,969
1136,ATL,GS,other constraint,2,1,-1,7.678639854581845,0.5,0.7407407407407407,958
1137,ATL,GS,other constraint,1,0,-2,7.678639854581845,0.5,0.7407407407407407,967
1138,ATL,GS,other constraint,0,-1,-3,7.678639854581845,0.5,0.7407407407407407,971
1139,ATL,GS,other constraint,6,5,3,7.678639854581845,0.5,0.7407407407407407,1004
1140,EWR,GS,demand constraint,12,7,9,13.51541702429851,0.8461538461538461,0.25,321
1141,EWR,GDP,weather constraint,11,6,8,13.51541702429851,0.8461538461538461,0.25,334
1142,JFK,GDP,weather constraint,5,3,2,9.07738370195318,0.75,0.2941176470588235,301
1143,DEN,GDP,weather constraint,4,12,0,5.259400431778439,0.5,0.0235294117647058,1064
1144,JFK,GS,weather constraint,1,7,1,4.70411426945095,0.3333333333333333,0.1111111111111111,316
1145,CLT,GS,other constraint,1,0,2,2.177517377211114,0.6153846153846154,0.1764705882352941,585
1146,CLT,GS,other constraint,0,4,1,2.9445165286522443,0.6666666666666666,0.1132075471698113,549
1147,DEN,GS,facility constraint,13,11,9,5.259400431778439,0.3648648648648648,0.0235294117647058,976
1148,EWR,GDP,demand constraint,8,10,11,11.981177540598315,0.5,0.1666666666666666,358
1149,EWR,GDP,weather constraint,6,6,5,8.402972946835824,0.631578947368421,0.3157894736842105,256
1150,LGA,GDP,weather constraint,6,4,6,5.239622506760606,0.5652173913043478,0.6785714285714286,332
1151,JFK,GDP,weather constraint,3,6,6,3.963874139182676,0.625,0.25,221
1152,EWR,GS,weather constraint,3,3,2,8.402972946835824,0.631578947368421,0.3157894736842105,254
1153,LGA,GS,weather constraint,3,1,3,5.239622506760606,0.5652173913043478,0.6785714285714286,339
1154,EWR,GS,weather constraint,2,2,1,8.402972946835824,0.631578947368421,0.3157894736842105,254
1155,LGA,GS,weather constraint,2,0,2,5.239622506760606,0.5652173913043478,0.6785714285714286,332
1156,DFW,GS,other constraint,3,9,6,2.4319517610131687,0.3333333333333333,1.0,1039
1157,EWR,GS,weather constraint,2,2,1,8.402972946835824,0.631578947368421,0.3157894736842105,254
1158,LGA,GS,weather constraint,2,0,2,5.239622506760606,0.5652173913043478,0.6785714285714286,332
1159,JFK,GS,other constraint,-2,1,15,3.963874139182676,0.625,0.3333333333333333,202
1160,EWR,GDP,weather constraint,6,6,5,8.402972946835824,0.631578947368421,0.3157894736842105,256
1161,LGA,GS,weather constraint,1,-1,1,5.239622506760606,0.5652173913043478,0.6785714285714286,339
1162,LGA,GS,weather constraint,6,4,6,5.239622506760606,0.5652173913043478,0.6785714285714286,332
1163,EWR,GS,weather constraint,5,5,4,8.402972946835824,0.631578947368421,0.3157894736842105,257
1164,LGA,GS,weather constraint,5,3,5,5.239622506760606,0.5652173913043478,0.6785714285714286,330
1165,JFK,GS,weather constraint,2,5,5,3.963874139182676,0.625,0.25,206
1166,EWR,GS,weather constraint,5,5,4,8.402972946835824,0.631578947368421,0.3157894736842105,257
1167,LGA,GS,weather constraint,5,3,5,5.239622506760606,0.5652173913043478,0.6785714285714286,330
1168,JFK,GS,weather constraint,1,4,18,3.963874139182676,0.625,0.3333333333333333,198
1169,EWR,GS,weather constraint,11,10,14,12.56396832865238,0.8333333333333334,1.0,356
1170,EWR,GS,weather constraint,11,10,14,12.56396832865238,0.8333333333333334,1.0,356
1171,LGA,GS,weather constraint,9,9,8,10.147510828289242,0.4444444444444444,0.7142857142857143,420
1172,EWR,GS,weather constraint,-3,-3,17,8.402972946835824,0.631578947368421,0.4736842105263157,245
1173,EWR,GS,weather constraint,10,9,13,12.56396832865238,0.8333333333333334,1.0,359
1174,EWR,GS,weather constraint,-3,-3,17,8.402972946835824,0.631578947368421,0.4736842105263157,245
1175,LGA,GS,weather constraint,9,9,8,10.147510828289242,0.4444444444444444,0.7142857142857143,420
1176,EWR,GS,weather constraint,10,9,13,12.56396832865238,0.8333333333333334,1.0,359
1177,LGA,GS,weather constraint,7,7,6,10.147510828289242,0.4444444444444444,0.7142857142857143,428
1178,LGA,GS,weather constraint,18,-6,-4,6.596928496471598,0.5652173913043478,0.6785714285714286,336
1179,DEN,GS,weather constraint,5,11,10,5.095785731765333,1.0,0.5,997
1180,JFK,GS,weather constraint,8,3,5,9.391846098178537,0.7142857142857143,0.3333333333333333,310
1181,CLT,GS,weather constraint,2,6,15,1.500712597710985,0.8333333333333334,0.2083333333333333,579
1182,DEN,GDP,weather constraint,4,10,9,5.095785731765333,1.0,0.5,962
1183,EWR,GS,weather constraint,8,7,11,12.56396832865238,0.8333333333333334,1.0,353
1184,LGA,GS,weather constraint,7,7,6,10.147510828289242,0.4444444444444444,0.7142857142857143,428
1185,JFK,GS,weather constraint,8,3,5,9.391846098178537,0.7142857142857143,0.3333333333333333,310
1186,JFK,GS,weather constraint,6,1,3,9.391846098178537,0.7142857142857143,0.3333333333333333,309
1187,LGA,GS,weather constraint,5,5,4,10.147510828289242,0.4444444444444444,0.7142857142857143,428
1188,EWR,GS,weather constraint,8,7,11,12.56396832865238,0.8333333333333334,1.0,353
1189,DEN,GS,weather constraint,2,8,7,5.095785731765333,1.0,0.5,939
1190,EWR,GS,weather constraint,6,5,9,12.56396832865238,0.8333333333333334,1.0,348
1191,LGA,GS,weather constraint,4,4,3,10.147510828289242,0.4444444444444444,0.7142857142857143,432
1192,JFK,GS,weather constraint,6,1,3,9.391846098178537,0.7142857142857143,0.3333333333333333,309
1193,EWR,GDP,weather constraint,13,12,16,12.56396832865238,0.8333333333333334,1.0,327
1194,JFK,GDP,weather constraint,10,5,-5,9.391846098178537,0.7142857142857143,0.3333333333333333,309
1195,LGA,GDP,weather constraint,10,10,9,10.147510828289242,0.4444444444444444,0.7142857142857143,422
1196,LGA,GS,weather constraint,9,9,8,10.147510828289242,0.4444444444444444,0.7142857142857143,420
1197,LGA,GS,weather constraint,4,4,3,10.147510828289242,0.4444444444444444,0.7142857142857143,432
1198,EWR,GS,weather constraint,6,5,9,12.56396832865238,0.8333333333333334,1.0,348
1199,DFW,GS,weather constraint,18,8,-3,2.4371324627408617,0.2857142857142857,0.0384615384615384,977
1200,EWR,GS,demand constraint,8,2,-6,13.355894850995734,0.4,0.1538461538461538,348
1201,DFW,GS,weather constraint,17,7,-4,2.4371324627408617,0.2857142857142857,0.0384615384615384,981
1202,JFK,GS,weather constraint,4,-1,1,9.391846098178537,0.7142857142857143,0.3333333333333333,316
1203,EWR,GDP,facility constraint,7,1,-1,13.355894850995734,0.4,0.0666666666666666,355
1204,LGA,GS,weather constraint,3,3,2,10.147510828289242,0.4444444444444444,0.7142857142857143,431
1205,EWR,GDP,weather constraint,13,12,16,12.56396832865238,0.8333333333333334,1.0,327
1206,EWR,GS,weather constraint,4,3,7,12.56396832865238,0.8333333333333334,1.0,354
1207,LGA,GS,weather constraint,2,2,1,10.147510828289242,0.4444444444444444,0.7142857142857143,425
1208,JFK,GS,weather constraint,3,-2,0,9.391846098178537,0.7142857142857143,0.3333333333333333,310
1209,EWR,GS,weather constraint,3,2,6,12.56396832865238,0.8333333333333334,1.0,350
1210,JFK,GS,weather constraint,2,-3,-1,9.391846098178537,0.7142857142857143,0.3333333333333333,312
1211,LGA,GS,weather constraint,1,1,0,10.147510828289242,0.4444444444444444,0.7142857142857143,428
1212,EWR,GS,weather constraint,2,1,5,12.56396832865238,0.8333333333333334,1.0,354
1213,JFK,GS,weather constraint,1,-4,-2,9.391846098178537,0.7142857142857143,0.3333333333333333,307
1214,EWR,GDP,demand constraint,11,5,-3,13.355894850995734,0.4,0.1538461538461538,355
1215,JFK,GDP,weather constraint,7,9,17,8.950063288098068,0.6666666666666666,0.3333333333333333,315
1216,EWR,GDP,weather constraint,9,7,4,12.328784125848602,0.9411764705882352,0.35,361
1217,LGA,GS,weather constraint,7,7,3,8.160444089152488,0.6071428571428571,0.5357142857142857,423
1218,LGA,GS,weather constraint,6,6,2,8.160444089152488,0.6071428571428571,0.5357142857142857,414
1219,JFK,GS,weather constraint,5,7,15,8.950063288098068,0.6666666666666666,0.3333333333333333,315
1220,EWR,GS,weather constraint,7,5,2,12.328784125848602,0.9411764705882352,0.35,361
1221,EWR,GS,weather constraint,8,6,3,12.328784125848602,0.9411764705882352,0.35,364
1222,LGA,GDP,weather constraint,6,6,2,8.160444089152488,0.6071428571428571,0.5357142857142857,414
1223,EWR,GS,weather constraint,7,5,2,12.328784125848602,0.9411764705882352,0.35,361
1224,JFK,GS,weather constraint,5,7,15,8.950063288098068,0.6666666666666666,0.3333333333333333,315
1225,EWR,GS,weather constraint,8,6,3,12.328784125848602,0.9411764705882352,0.35,364
1226,EWR,GS,other constraint,7,5,2,12.328784125848602,0.9411764705882352,0.35,361
1227,LGA,GS,weather constraint,4,4,0,8.160444089152488,0.6071428571428571,0.5357142857142857,425
1228,EWR,GS,weather constraint,6,4,1,12.328784125848602,0.9411764705882352,0.35,357
1229,DFW,GS,weather constraint,1,17,5,2.4371324627408617,0.4444444444444444,0.0588235294117647,955
1230,JFK,GS,weather constraint,10,12,5,8.950063288098068,0.6666666666666666,0.2222222222222222,329
1231,EWR,GS,weather constraint,10,8,5,12.328784125848602,0.9411764705882352,0.35,368
1232,JFK,GS,weather constraint,8,10,18,8.950063288098068,0.6666666666666666,0.3333333333333333,312
1233,LGA,GS,weather constraint,8,8,4,8.160444089152488,0.6071428571428571,0.5357142857142857,423
1234,JFK,GS,weather constraint,4,6,14,8.950063288098068,0.6666666666666666,0.3333333333333333,319
1235,JFK,GS,weather constraint,4,6,14,8.950063288098068,0.6666666666666666,0.3333333333333333,319
1236,EWR,GDP,weather constraint,9,7,4,12.328784125848602,0.9411764705882352,0.35,361
1237,JFK,GS,weather constraint,2,4,12,8.950063288098068,0.6666666666666666,0.3333333333333333,316
1238,JFK,GS,weather constraint,0,2,10,8.950063288098068,0.6666666666666666,0.3333333333333333,313
1239,ORD,GS,weather constraint,3,2,-1,2.567060697811951,0.3246753246753247,0.0357142857142857,755
1240,ORD,GS,weather constraint,3,2,-1,2.567060697811951,0.3246753246753247,0.0357142857142857,755
1241,LGA,GS,weather constraint,4,4,0,8.160444089152488,0.6071428571428571,0.5357142857142857,425
1242,ORD,GS,weather constraint,1,0,-3,2.567060697811951,0.3246753246753247,0.0357142857142857,755
1243,EWR,GDP,demand constraint,8,4,-3,11.929567067930302,0.1875,0.0555555555555555,315
1244,DFW,GS,demand constraint,2,16,-6,1.5281173744321372,0.1428571428571428,0.0,901
1245,EWR,GDP,facility constraint,6,4,-6,9.49989006040725,0.4,0.0,327
1246,DEN,GS,weather constraint,6,5,5,5.671978444127153,0.6382978723404256,0.1063829787234042,934
1247,DEN,GS,weather constraint,6,5,5,5.671978444127153,0.6382978723404256,0.1063829787234042,934
1248,DEN,GS,weather constraint,5,4,4,5.671978444127153,0.6382978723404256,0.1063829787234042,880
1249,DEN,GDP,weather constraint,3,2,2,5.671978444127153,0.6382978723404256,0.1063829787234042,885
1250,ORD,GS,weather constraint,7,4,6,7.479942442509979,0.7678571428571429,0.2666666666666666,1100
1251,ORD,GDP,facility constraint,8,5,7,7.479942442509979,0.7678571428571429,0.2666666666666666,1076
1252,ORD,GS,weather constraint,5,2,4,7.479942442509979,0.7678571428571429,0.2666666666666666,1082
1253,DEN,GS,weather constraint,3,9,8,5.366030451971236,1.0,0.25,1024
1254,ORD,GS,weather constraint,4,1,3,7.479942442509979,0.7678571428571429,0.2666666666666666,1100
1255,SFO,GDP,weather constraint,2,15,12,2.83584590918762,0.2307692307692307,0.0434782608695652,433
1256,ORD,GDP,weather constraint,8,5,7,7.479942442509979,0.7678571428571429,0.2666666666666666,1076
1257,DEN,GS,weather constraint,3,9,8,5.366030451971236,1.0,0.25,1024
1258,DEN,GS,weather constraint,6,12,-5,6.676566998859648,1.0,0.1058823529411764,996
1259,DEN,GS,other constraint,1,7,6,5.366030451971236,1.0,0.25,1029
1260,EWR,GS,weather constraint,9,2,15,9.887218612285311,0.7647058823529411,0.1304347826086956,361
1261,DEN,GDP,weather constraint,3,9,4,6.676566998859648,1.0,0.0454545454545454,1061
1262,EWR,GS,weather constraint,9,2,15,9.887218612285311,0.7647058823529411,0.1304347826086956,361
1263,DEN,GS,weather constraint,4,10,-6,6.676566998859648,1.0,0.0454545454545454,1018
1264,EWR,GS,weather constraint,8,1,14,9.887218612285311,0.7647058823529411,0.1304347826086956,363
1265,LGA,GS,weather constraint,3,-1,0,7.274929082356622,0.782608695652174,0.2592592592592592,431
1266,LGA,GS,weather constraint,3,-1,0,7.274929082356622,0.782608695652174,0.2592592592592592,431
1267,DEN,GS,weather constraint,2,8,7,5.366030451971236,1.0,0.25,1079
1268,DFW,GS,weather constraint,12,6,14,9.48400325537917,0.6428571428571429,0.0526315789473684,973
1269,DFW,GS,weather constraint,12,6,14,9.48400325537917,0.6428571428571429,0.0526315789473684,973
1270,DFW,GDP,weather constraint,8,2,10,9.48400325537917,0.6428571428571429,0.0526315789473684,1034
1271,JFK,GDP,weather constraint,9,5,5,8.07556413317775,0.75,0.1666666666666666,321
1272,DFW,GS,weather constraint,9,3,11,9.48400325537917,0.6428571428571429,0.0526315789473684,1002
1273,DFW,GDP,weather constraint,8,2,10,9.48400325537917,0.6428571428571429,0.0526315789473684,1034
1274,EWR,GDP,weather constraint,11,4,17,9.887218612285311,0.7647058823529411,0.1304347826086956,368
1275,LGA,GDP,weather constraint,8,4,5,7.274929082356622,0.782608695652174,0.2592592592592592,419
1276,JFK,GS,weather constraint,11,11,18,11.432875534367426,0.6,0.36,323
1277,LGA,GS,weather constraint,9,8,5,9.99072990373522,0.5625,0.6296296296296297,420
1278,JFK,GS,weather constraint,9,9,16,11.432875534367426,0.6,0.36,305
1279,LGA,GDP,weather constraint,8,7,4,9.99072990373522,0.5625,0.6296296296296297,426
1280,EWR,GS,weather constraint,10,8,4,11.813191723759079,0.7058823529411765,0.2857142857142857,361
1281,DFW,GS,weather constraint,9,8,7,8.278588276877173,0.5,0.5180722891566265,984
1282,LGA,GS,weather constraint,2,-2,-1,7.274929082356622,0.782608695652174,0.2592592592592592,429
1283,JFK,GS,weather constraint,9,9,16,11.432875534367426,0.6,0.36,305
1284,EWR,GS,weather constraint,10,8,4,11.813191723759079,0.7058823529411765,0.2857142857142857,361
1285,DEN,GS,weather constraint,7,11,10,8.474334273798432,1.0,0.5,1005
1286,JFK,GDP,weather constraint,11,11,18,11.432875534367426,0.6,0.36,323
1287,EWR,GS,weather constraint,9,7,3,11.813191723759079,0.7058823529411765,0.2857142857142857,350
1288,DEN,GDP,weather constraint,7,11,10,8.474334273798432,1.0,0.5,1005
1289,LGA,GS,weather constraint,6,5,2,9.99072990373522,0.5625,0.6296296296296297,421
1290,DEN,GS,weather constraint,6,10,9,8.474334273798432,1.0,0.5,965
1291,LGA,GS,weather constraint,6,5,2,9.99072990373522,0.5625,0.6296296296296297,421
1292,EWR,GS,weather constraint,7,5,1,11.813191723759079,0.7058823529411765,0.2857142857142857,347
1293,EWR,GS,weather constraint,7,5,1,11.813191723759079,0.7058823529411765,0.2857142857142857,347
1294,DEN,GDP,weather constraint,7,11,10,8.474334273798432,1.0,0.5,1005
1295,DFW,GS,weather constraint,6,5,4,8.278588276877173,0.5,0.5180722891566265,1003
1296,EWR,GDP,facility constraint,10,8,4,11.813191723759079,0.7058823529411765,0.2857142857142857,361
1297,EWR,GS,facility constraint,6,4,0,11.813191723759079,0.7058823529411765,0.2857142857142857,348
1298,LGA,GS,weather constraint,4,3,0,9.99072990373522,0.5625,0.6296296296296297,432
1299,DFW,GS,weather constraint,5,4,3,8.278588276877173,0.5,0.5180722891566265,962
1300,EWR,GDP,weather constraint,11,4,17,9.887218612285311,0.7647058823529411,0.1304347826086956,368
1301,LGA,GS,weather constraint,2,-2,-1,7.274929082356622,0.782608695652174,0.2592592592592592,429
1302,LGA,GDP,weather constraint,6,5,2,9.99072990373522,0.5625,0.6296296296296297,421
1303,EWR,GDP,weather constraint,10,8,4,11.813191723759079,0.7058823529411765,0.2857142857142857,361
1304,JFK,GS,weather constraint,5,5,12,11.432875534367426,0.6,0.36,311
1305,ORD,GS,weather constraint,2,11,8,2.568634060179462,1.0,0.1,1060
1306,ORD,GS,weather constraint,1,10,7,2.568634060179462,1.0,0.1,1029
1307,CLT,GS,other constraint,5,3,7,4.798226771384804,0.7142857142857143,0.3333333333333333,549
1308,LAX,GS,other constraint,1,10,-4,1.2375,0.5,0.037037037037037,597
1309,CLT,GS,weather constraint,4,2,6,4.798226771384804,0.7142857142857143,0.3333333333333333,566
1310,SFO,GDP,other constraint,17,4,5,5.4813446985246586,0.3333333333333333,0.1666666666666666,412
1311,LGA,GS,weather constraint,4,3,0,9.99072990373522,0.5625,0.6296296296296297,432
1312,LGA,GS,weather constraint,4,3,0,9.99072990373522,0.5625,0.6296296296296297,432
1313,DFW,GS,weather constraint,4,3,2,8.278588276877173,0.5,0.5180722891566265,995
1314,CLT,GS,weather constraint,4,2,6,4.798226771384804,0.7142857142857143,0.3333333333333333,566
1315,LGA,GS,weather constraint,4,3,0,11.808915010966206,0.375,0.2592592592592592,433
1316,EWR,GDP,weather constraint,10,8,4,11.813191723759079,0.7058823529411765,0.2857142857142857,361
1317,LGA,GS,weather constraint,3,2,-1,9.99072990373522,0.5625,0.6296296296296297,430
1318,DFW,GS,other constraint,3,2,1,8.278588276877173,0.5,0.5180722891566265,957
1319,DFW,GS,other constraint,2,1,0,8.278588276877173,0.5,0.5180722891566265,994
1320,DFW,GS,other constraint,1,0,-1,8.278588276877173,0.5,0.5180722891566265,949
1321,ORD,GS,weather constraint,12,16,18,2.568634060179462,0.3725490196078431,0.1,1002
1322,SFO,GDP,weather constraint,4,13,11,5.4813446985246586,0.2727272727272727,0.08,414
1323,DFW,GS,other constraint,4,3,2,8.278588276877173,0.5,0.5180722891566265,995
1324,JFK,GDP,weather constraint,11,0,-6,12.514405752747157,0.5333333333333333,0.36,321
1325,LGA,GDP,weather constraint,11,10,7,11.808915010966206,0.375,0.2592592592592592,402
1326,EWR,GDP,weather constraint,10,7,17,12.556338413078041,0.8421052631578947,0.1304347826086956,357
1327,EWR,GS,facility constraint,6,4,0,11.813191723759079,0.7058823529411765,0.2857142857142857,348
1328,ATL,GS,weather constraint,18,1,-4,2.7497159537915423,0.5,0.0238095238095238,966
1329,ATL,GS,weather constraint,2,2,10,2.7497159537915423,0.2549019607843137,0.125,1042
1330,ATL,GS,weather constraint,2,2,10,2.7497159537915423,0.2549019607843137,0.125,1042
1331,JFK,GS,weather constraint,8,5,-3,12.05742460499142,0.6666666666666666,0.0769230769230769,321
1332,DEN,GS,weather constraint,12,8,7,12.05379225450919,0.782608695652174,0.2068965517241379,1059
1333,JFK,GS,weather constraint,8,5,-3,12.05742460499142,0.6666666666666666,0.0769230769230769,321
1334,DEN,GS,weather constraint,10,6,5,12.05379225450919,0.782608695652174,0.2068965517241379,1078
1335,JFK,GS,weather constraint,8,5,-3,12.05742460499142,0.6666666666666666,0.0769230769230769,321
1336,DEN,GDP,weather constraint,9,5,4,12.05379225450919,0.782608695652174,0.2068965517241379,1040
1337,ORD,GS,weather constraint,15,6,5,8.775192046183925,0.6470588235294118,0.5555555555555556,1070
1338,DEN,GS,runway or surface constraint,9,5,4,12.05379225450919,0.782608695652174,0.2068965517241379,1040
1339,CLT,GS,weather constraint,2,2,3,3.9048873169338805,0.5555555555555556,0.0892857142857142,584
1340,ORD,GS,weather constraint,14,5,4,8.775192046183925,0.6470588235294118,0.5555555555555556,1083
1341,DEN,GDP,runway or surface constraint,9,5,4,12.05379225450919,0.782608695652174,0.2068965517241379,1040
1342,CLT,GS,weather constraint,2,2,3,3.9048873169338805,0.5555555555555556,0.0892857142857142,584
1343,ORD,GS,weather constraint,13,4,3,8.775192046183925,0.6470588235294118,0.5555555555555556,1100
1344,DFW,GS,other constraint,1,4,9,4.558901012595861,0.5,0.0769230769230769,965
1345,CLT,GS,other constraint,1,-1,3,4.798226771384804,0.7142857142857143,0.3333333333333333,584
1346,DEN,GS,weather constraint,18,15,14,11.653114653869324,0.782608695652174,0.2068965517241379,1009
1347,DEN,GS,weather constraint,18,14,13,12.05379225450919,0.782608695652174,0.2068965517241379,995
1348,DEN,GDP,weather constraint,18,14,13,12.05379225450919,0.782608695652174,0.2068965517241379,995
1349,CLT,GS,weather constraint,2,0,4,4.798226771384804,0.7142857142857143,0.3333333333333333,560
1350,DFW,GS,weather constraint,2,5,10,4.558901012595861,0.5,0.0769230769230769,999
1351,JFK,GDP,weather constraint,9,6,-2,12.05742460499142,0.6666666666666666,0.0769230769230769,329
1352,EWR,GDP,weather constraint,8,15,12,11.65455216902293,1.0,0.2,372
1353,ORD,GDP,weather constraint,12,3,2,8.775192046183925,0.6470588235294118,0.5555555555555556,1092
1354,DEN,GDP,other constraint,5,1,0,12.05379225450919,0.782608695652174,0.2068965517241379,1022
1355,ATL,GS,weather constraint,7,6,17,4.97820007797214,0.5555555555555556,0.14,1015
1356,DEN,GS,weather constraint,9,11,5,11.230219165997646,1.0,0.1954022988505747,1083
1357,ATL,GS,weather constraint,6,5,16,4.97820007797214,0.5555555555555556,0.14,1008
1358,ATL,GS,weather constraint,6,5,16,4.97820007797214,0.5555555555555556,0.14,1008
1359,DEN,GS,weather constraint,9,11,5,11.230219165997646,1.0,0.1954022988505747,1083
1360,ATL,GS,weather constraint,6,5,16,4.97820007797214,0.5555555555555556,0.14,1008
1361,DEN,GDP,weather constraint,7,9,3,11.230219165997646,1.0,0.1954022988505747,1067
1362,EWR,GS,weather constraint,18,5,6,7.100811689154526,0.2222222222222222,0.2857142857142857,355
1363,ORD,GS,weather constraint,10,1,0,8.775192046183925,0.6470588235294118,0.5555555555555556,1076
1364,ORD,GS,weather constraint,10,1,0,8.775192046183925,0.6470588235294118,0.5555555555555556,1076
1365,ORD,GS,weather constraint,9,0,-1,8.775192046183925,0.6470588235294118,0.5555555555555556,1104
1366,ORD,GS,weather constraint,8,-1,-2,8.775192046183925,0.6470588235294118,0.5555555555555556,1098
1367,ORD,GDP,weather constraint,12,3,2,8.775192046183925,0.6470588235294118,0.5555555555555556,1092
1368,ORD,GS,weather constraint,1,17,-6,8.775192046183925,0.45,0.5,1042
1369,ORD,GS,weather constraint,1,17,-6,8.775192046183925,0.45,0.5,1042
1370,DFW,GS,weather constraint,10,9,12,8.21487271999367,0.6,1.0,979
1371,ORD,GS,weather constraint,1,6,8,5.97728202318574,0.3157894736842105,0.2,999
1372,DFW,GS,weather constraint,10,9,12,8.21487271999367,0.6,1.0,979
1373,JFK,GDP,weather constraint,5,5,2,7.18926954986802,0.5833333333333334,0.5,302
1374,ORD,GS,weather constraint,1,6,8,5.97728202318574,0.3157894736842105,0.2,999
1375,ORD,GS,weather constraint,1,6,8,5.97728202318574,0.3157894736842105,0.2,999
1376,JFK,GS,weather constraint,7,7,4,7.18926954986802,0.5833333333333334,0.5,298
1377,ORD,GS,weather constraint,2,3,5,6.789888262743513,0.45,1.0,1061
1378,ORD,GS,weather constraint,0,5,7,5.97728202318574,0.3157894736842105,0.2,1017
1379,DFW,GS,weather constraint,8,7,10,8.21487271999367,0.6,1.0,971
1380,JFK,GS,weather constraint,6,6,3,7.18926954986802,0.5833333333333334,0.5,302
1381,DFW,GDP,weather constraint,7,6,9,8.21487271999367,0.6,1.0,952
1382,JFK,GS,weather constraint,5,5,2,7.18926954986802,0.5833333333333334,0.5,302
1383,EWR,GS,facility constraint,7,4,13,13.013126806908005,0.5714285714285714,0.25,333
1384,CLT,GS,weather constraint,3,2,7,2.7675796165021183,0.4814814814814814,0.3333333333333333,517
1385,JFK,GS,weather constraint,4,4,1,7.18926954986802,0.5833333333333334,0.5,301
1386,EWR,GS,facility constraint,7,4,13,13.013126806908005,0.5714285714285714,0.25,333
1387,DFW,GS,weather constraint,6,5,8,8.21487271999367,0.6,1.0,992
1388,DFW,GS,weather constraint,5,4,7,8.21487271999367,0.6,1.0,954
1389,DEN,GS,weather constraint,5,7,1,11.230219165997646,1.0,0.1954022988505747,1045
1390,CLT,GS,other constraint,1,0,5,2.7675796165021183,0.4814814814814814,0.3333333333333333,548
1391,ATL,GS,other constraint,1,0,11,4.97820007797214,0.5555555555555556,0.14,980
1392,ORD,GS,weather constraint,2,3,5,6.789888262743513,0.45,1.0,1061
1393,EWR,GDP,facility constraint,17,14,13,13.013126806908005,0.5714285714285714,0.2,322
1394,DEN,GDP,weather constraint,7,9,3,11.230219165997646,1.0,0.1954022988505747,1067
1395,ORD,GS,weather constraint,3,8,10,5.97728202318574,0.3157894736842105,0.2,976
1396,JFK,GS,facility constraint,4,4,1,7.18926954986802,0.5833333333333334,0.5,301
1397,JFK,GS,facility constraint,2,2,-1,7.18926954986802,0.5833333333333334,0.5,309
1398,EWR,GDP,demand constraint,12,9,6,13.342864024358398,0.75,0.5,369
1399,LGA,GS,weather constraint,11,9,8,9.278635557857967,0.85,0.3076923076923077,368
1400,LGA,GDP,weather constraint,11,9,8,9.278635557857967,0.85,0.3076923076923077,368
1401,JFK,GDP,weather constraint,10,4,7,10.501848478725034,0.65,0.3333333333333333,321
1402,CLT,GS,other constraint,1,0,5,2.7675796165021183,0.4814814814814814,0.3333333333333333,548
1403,EWR,GS,weather constraint,12,9,6,13.342864024358398,0.75,0.5,369
1404,DFW,GS,other constraint,4,3,6,8.21487271999367,0.6,1.0,984
1405,EWR,GS,weather constraint,11,8,5,13.342864024358398,0.75,0.5,368
1406,LGA,GS,weather constraint,9,7,6,9.278635557857967,0.85,0.3076923076923077,397
1407,JFK,GS,weather constraint,10,4,7,10.501848478725034,0.65,0.3333333333333333,321
1408,DFW,GDP,weather constraint,6,3,10,8.674374304065699,0.6730769230769231,1.0,1023
1409,EWR,GDP,weather constraint,12,9,6,13.342864024358398,0.75,0.5,369
1410,JFK,GDP,weather constraint,10,4,7,10.501848478725034,0.65,0.3333333333333333,321
1411,EWR,GS,weather constraint,9,6,3,13.342864024358398,0.75,0.5,364
1412,EWR,GS,weather constraint,8,5,2,13.342864024358398,0.75,0.5,362
1413,EWR,GDP,facility constraint,2,-1,8,13.013126806908005,0.5714285714285714,0.25,342
1414,EWR,GS,facility constraint,5,2,11,13.013126806908005,0.5714285714285714,0.25,341
1415,JFK,GS,facility constraint,2,2,-1,7.18926954986802,0.5833333333333334,0.5,309
1416,DFW,GS,other constraint,3,2,5,8.21487271999367,0.6,1.0,955
1417,DFW,GS,weather constraint,5,4,7,8.21487271999367,0.6,1.0,954
1418,SFO,GDP,weather constraint,3,17,17,3.306460948269724,0.5,0.5,432
1419,DFW,GDP,weather constraint,2,5,7,11.53956509161141,0.4166666666666667,0.2857142857142857,1036
1420,LGA,GS,weather constraint,9,4,5,10.860446910391007,0.2608695652173913,0.8260869565217391,421
1421,EWR,GS,weather constraint,11,17,15,12.878992408494769,0.6,1.0,371
1422,JFK,GS,weather constraint,11,12,7,12.071916043454197,1.0,0.5555555555555556,330
1423,LGA,GS,weather constraint,9,4,5,10.860446910391007,0.2608695652173913,0.8260869565217391,421
1424,EWR,GS,weather constraint,11,17,15,12.878992408494769,0.6,1.0,371
1425,JFK,GS,weather constraint,9,10,5,12.071916043454197,1.0,0.5555555555555556,312
1426,EWR,GS,weather constraint,9,15,13,12.878992408494769,0.6,1.0,372
1427,LGA,GS,weather constraint,7,2,3,10.860446910391007,0.2608695652173913,0.8260869565217391,426
1428,EWR,GS,weather constraint,9,15,13,12.878992408494769,0.6,1.0,372
1429,DEN,GDP,weather constraint,3,2,7,4.053111442118578,0.5797101449275363,0.1724137931034483,1060
1430,JFK,GS,weather constraint,9,10,5,12.071916043454197,1.0,0.5555555555555556,312
1431,EWR,GS,weather constraint,9,15,13,12.878992408494769,0.6,1.0,372
1432,LGA,GS,weather constraint,7,2,3,10.860446910391007,0.2608695652173913,0.8260869565217391,426
1433,JFK,GS,weather constraint,7,8,3,12.071916043454197,1.0,0.5555555555555556,316
1434,EWR,GS,weather constraint,7,13,11,12.878992408494769,0.6,1.0,361
1435,LGA,GS,weather constraint,5,18,1,10.860446910391007,0.2631578947368421,0.8260869565217391,421
1436,JFK,GS,weather constraint,6,7,2,12.071916043454197,1.0,0.5555555555555556,316
1437,DEN,GS,weather constraint,3,2,7,4.053111442118578,0.5797101449275363,0.1724137931034483,1060
1438,EWR,GS,weather constraint,6,12,10,12.878992408494769,0.6,1.0,360
1439,LGA,GS,weather constraint,4,17,0,10.860446910391007,0.2631578947368421,0.8260869565217391,429
1440,DEN,GS,weather constraint,2,1,6,4.053111442118578,0.5797101449275363,0.1724137931034483,1004
1441,EWR,GS,weather constraint,5,11,9,12.878992408494769,0.6,1.0,359
1442,DFW,GS,weather constraint,13,16,-5,11.53956509161141,0.4166666666666667,1.0,974
1443,DFW,GS,weather constraint,12,15,-6,11.53956509161141,0.4166666666666667,1.0,966
1444,SFO,GDP,weather constraint,4,15,17,5.017639249317886,0.3636363636363636,0.5,439
1445,DFW,GDP,weather constraint,8,11,13,11.53956509161141,0.4166666666666667,0.2857142857142857,982
1446,JFK,GDP,weather constraint,11,12,7,12.071916043454197,1.0,0.5555555555555556,330
1447,LGA,GDP,weather constraint,9,4,5,10.860446910391007,0.2608695652173913,0.8260869565217391,421
1448,EWR,GDP,weather constraint,10,16,14,12.878992408494769,0.6,1.0,368
1449,CLT,GS,weather constraint,6,2,8,5.402987464361425,0.6666666666666666,0.3333333333333333,574
1450,CLT,GS,weather constraint,5,1,7,5.402987464361425,0.6666666666666666,0.3333333333333333,538
1451,DEN,GS,weather constraint,1,0,5,4.053111442118578,0.5797101449275363,0.1724137931034483,1059
1452,CLT,GS,weather constraint,5,1,7,5.402987464361425,0.6666666666666666,0.3333333333333333,538
1453,EWR,GS,weather constraint,5,11,9,12.878992408494769,0.6,1.0,359
1454,EWR,GS,demand constraint,-6,-5,-5,6.959293466860666,0.2857142857142857,0.2857142857142857,351
1455,DFW,GS,weather constraint,-6,2,4,4.824926824388077,0.2857142857142857,0.0833333333333333,962
1456,CLT,GDP,other constraint,3,-1,5,5.402987464361425,0.6666666666666666,0.3333333333333333,558
1457,LGA,GS,weather constraint,2,15,-2,10.860446910391007,0.2631578947368421,0.8260869565217391,430
1458,EWR,GS,weather constraint,3,9,7,12.878992408494769,0.6,1.0,363
1459,EWR,GS,other constraint,3,9,7,12.878992408494769,0.6,1.0,363
1460,EWR,GS,other constraint,2,8,6,12.878992408494769,0.6,1.0,358
1461,LGA,GS,weather constraint,2,15,-2,10.860446910391007,0.2631578947368421,0.8260869565217391,430
1462,JFK,GDP,demand constraint,5,4,-2,9.187165312997061,0.65,0.3125,309
1463,DEN,GDP,weather constraint,8,5,10,10.223793179933175,0.84375,1.0,998
1464,ORD,GS,weather constraint,8,3,7,6.87795015721734,0.734375,0.3725490196078431,1041
1465,EWR,GS,weather constraint,9,8,3,10.48899122585022,0.6666666666666666,0.4,353
1466,JFK,GS,weather constraint,7,7,8,9.443435669879785,0.5625,0.4,309
1467,LGA,GS,weather constraint,7,6,3,6.6456719336798535,0.5625,0.7037037037037037,430
1468,ORD,GS,weather constraint,7,2,6,6.87795015721734,0.734375,0.3725490196078431,1060
1469,ORD,GS,weather constraint,7,2,6,6.87795015721734,0.734375,0.3725490196078431,1060
1470,ORD,GS,weather constraint,7,2,6,6.87795015721734,0.734375,0.3725490196078431,1060
1471,DEN,GS,weather constraint,8,5,10,10.223793179933175,0.84375,1.0,998
1472,EWR,GS,weather constraint,8,7,2,10.48899122585022,0.6666666666666666,0.4,357
1473,LGA,GS,weather constraint,6,5,2,6.6456719336798535,0.5625,0.7037037037037037,422
1474,JFK,GS,weather constraint,6,6,7,9.443435669879785,0.5625,0.4,308
1475,DEN,GS,weather constraint,8,5,10,10.223793179933175,0.84375,1.0,998
1476,EWR,GS,weather constraint,9,8,3,10.48899122585022,0.6666666666666666,0.4,353
1477,EWR,GS,weather constraint,7,6,1,10.48899122585022,0.6666666666666666,0.4,356
1478,LGA,GS,weather constraint,6,5,2,6.6456719336798535,0.5625,0.7037037037037037,422
1479,DEN,GS,weather constraint,6,3,8,10.223793179933175,0.84375,1.0,984
1480,JFK,GS,weather constraint,5,5,6,9.443435669879785,0.5625,0.4,308
1481,EWR,GS,weather constraint,7,6,1,10.48899122585022,0.6666666666666666,0.4,356
1482,LGA,GS,weather constraint,4,3,0,6.6456719336798535,0.5625,0.7037037037037037,433
1483,DEN,GDP,weather constraint,15,12,17,10.223793179933175,0.84375,1.0,939
1484,EWR,GDP,demand constraint,11,10,5,10.48899122585022,0.6666666666666666,0.4,358
1485,ORD,GDP,weather constraint,7,2,6,6.87795015721734,0.734375,0.3725490196078431,1060
1486,JFK,GDP,weather constraint,8,8,9,9.443435669879785,0.5625,0.4,304
1487,LGA,GDP,weather constraint,4,18,-6,6.65781238276906,0.1666666666666666,0.1052631578947368,422
1488,EWR,GS,weather constraint,5,4,-1,10.48899122585022,0.6666666666666666,0.4,363
1489,CLT,GS,weather constraint,1,9,-6,1.997483821106056,0.3333333333333333,0.0384615384615384,576
1490,LGA,GS,weather constraint,4,3,0,6.6456719336798535,0.5625,0.7037037037037037,433
1491,JFK,GS,weather constraint,4,4,5,9.443435669879785,0.5625,0.4,311
1492,EWR,GS,weather constraint,4,3,-2,10.48899122585022,0.6666666666666666,0.4,364
1493,LGA,GS,weather constraint,2,1,-2,6.6456719336798535,0.5625,0.7037037037037037,426
1494,JFK,GS,weather constraint,1,1,2,9.443435669879785,0.5625,0.4,310
1495,EWR,GS,weather constraint,3,2,-3,10.48899122585022,0.6666666666666666,0.4,362
1496,LGA,GS,weather constraint,1,0,-3,6.6456719336798535,0.5625,0.7037037037037037,428
1497,JFK,GS,weather constraint,4,4,5,9.443435669879785,0.5625,0.4,311
1498,SFO,GDP,weather constraint,4,17,4,4.021745415351711,1.0,0.0909090909090909,439
1499,EWR,GDP,demand constraint,10,7,-6,12.000872002301582,0.5714285714285714,0.1739130434782608,372
1500,JFK,GDP,demand constraint,10,6,-6,11.364711055458292,0.75,0.16,329
1501,SFO,GDP,weather constraint,4,-2,2,5.27476697830081,0.2,0.0952380952380952,441
1502,JFK,GS,other constraint,-6,12,17,7.539581509887714,0.3333333333333333,0.1,330
1503,ATL,GS,weather constraint,2,12,18,1.7820808463323854,1.0,0.0408163265306122,1014
1504,ATL,GS,weather constraint,2,12,18,1.7820808463323854,1.0,0.0408163265306122,1014
1505,DEN,GS,weather constraint,3,2,-5,3.789206531082915,0.2957746478873239,0.0277777777777777,1071
1506,DEN,GS,weather constraint,3,2,-5,3.789206531082915,0.2957746478873239,0.0277777777777777,1071
1507,ORD,GS,weather constraint,5,0,9,7.630570394538811,0.746031746031746,0.0476190476190476,1000
1508,DEN,GS,weather constraint,1,3,11,2.4021386505568465,0.1388888888888889,0.5,917
1509,SFO,GS,weather constraint,16,1,18,6.210156679457043,0.1666666666666666,0.0555555555555555,445
1510,SFO,GDP,weather constraint,4,10,6,6.210156679457043,0.1818181818181818,0.0555555555555555,387
1511,DEN,GS,weather constraint,1,0,-4,3.789206531082915,0.2957746478873239,0.0153846153846153,1049
1512,ORD,GDP,weather constraint,8,3,12,7.630570394538811,0.746031746031746,0.0476190476190476,959
1513,ORD,GS,weather constraint,9,4,13,7.630570394538811,0.746031746031746,0.0476190476190476,950
1514,ORD,GS,weather constraint,8,3,12,7.630570394538811,0.746031746031746,0.0476190476190476,959
1515,ORD,GS,weather constraint,7,2,11,7.630570394538811,0.746031746031746,0.0476190476190476,977
1516,JFK,GDP,weather constraint,6,4,-6,7.191164245580635,0.6875,0.0,302
1517,LGA,GS,weather constraint,7,4,5,6.5232104367834465,0.6785714285714286,0.1153846153846153,413
1518,JFK,GDP,weather constraint,6,5,0,7.616328443385287,0.3571428571428571,0.2727272727272727,316
1519,EWR,GS,weather constraint,9,5,14,8.891146909339387,0.8421052631578947,0.1111111111111111,372
1520,LGA,GDP,weather constraint,6,3,4,6.5232104367834465,0.6785714285714286,0.1153846153846153,421
1521,EWR,GDP,weather constraint,10,6,15,8.891146909339387,0.8421052631578947,0.1111111111111111,369
1522,JFK,GS,weather constraint,6,5,0,7.616328443385287,0.3571428571428571,0.2727272727272727,316
1523,LGA,GS,weather constraint,5,2,3,6.5232104367834465,0.6785714285714286,0.1153846153846153,419
1524,EWR,GS,weather constraint,7,3,12,8.891146909339387,0.8421052631578947,0.1111111111111111,362
1525,DEN,GS,weather constraint,1,8,5,1.9988390997996852,0.25,0.037037037037037,1034
1526,JFK,GS,weather constraint,6,5,0,7.616328443385287,0.3571428571428571,0.2727272727272727,316
1527,LGA,GS,weather constraint,4,1,2,6.5232104367834465,0.6785714285714286,0.1153846153846153,430
1528,SFO,GDP,weather constraint,14,12,13,7.63981566054699,0.3404255319148936,0.1176470588235294,432
1529,EWR,GDP,demand constraint,10,6,15,8.891146909339387,0.8421052631578947,0.1111111111111111,369
1530,SFO,GDP,weather constraint,18,2,3,10.053964503843646,0.425531914893617,0.0588235294117647,445
1531,SFO,GDP,weather constraint,14,12,13,9.751991633790594,0.425531914893617,0.0588235294117647,438
1532,ATL,GS,weather constraint,3,12,4,3.759031366398538,1.0,0.0232558139534883,1041
1533,ATL,GS,weather constraint,3,12,4,3.759031366398538,1.0,0.0232558139534883,1041
1534,ATL,GS,weather constraint,3,12,4,3.759031366398538,1.0,0.0232558139534883,1041
1535,SFO,GDP,weather constraint,18,2,3,8.250128192703748,0.3404255319148936,0.1176470588235294,448
1536,ATL,GS,weather constraint,1,10,2,3.759031366398538,1.0,0.0232558139534883,1035
1537,ATL,GS,weather constraint,1,10,2,3.759031366398538,1.0,0.0232558139534883,1035
1538,DEN,GDP,weather constraint,6,4,3,6.60329590872273,0.7931034482758621,0.0952380952380952,1006
1539,DEN,GS,weather constraint,7,5,4,6.60329590872273,0.7931034482758621,0.0952380952380952,965
1540,DEN,GS,weather constraint,6,4,3,6.60329590872273,0.7931034482758621,0.0952380952380952,1006
1541,DEN,GDP,weather constraint,6,4,3,6.60329590872273,0.7931034482758621,0.0952380952380952,1006
1542,SFO,GDP,weather constraint,7,4,11,11.02370296471889,0.3181818181818182,0.0833333333333333,405
1543,DEN,GS,runway or surface constraint,1,10,13,1.6462308883143137,0.5,0.0555555555555555,1063
1544,SFO,GS,weather constraint,7,4,11,11.02370296471889,0.3181818181818182,0.0833333333333333,405
1545,DEN,GDP,weather constraint,5,2,-3,8.245517573596272,0.6436781609195402,0.04,1034
1546,SFO,GDP,weather constraint,4,-2,2,7.1510851052151105,0.2,0.1,414
1547,DEN,GS,weather constraint,15,12,7,8.245517573596272,0.6436781609195402,0.04,941
1548,DEN,GS,weather constraint,14,11,6,8.245517573596272,0.6436781609195402,0.04,940
1549,DEN,GDP,weather constraint,5,2,-3,8.245517573596272,0.6436781609195402,0.04,1034
1550,DEN,GS,weather constraint,6,5,16,7.76702047653466,0.8695652173913043,0.074074074074074,1041
1551,DEN,GS,weather constraint,5,4,15,7.76702047653466,0.8695652173913043,0.074074074074074,1078
1552,DEN,GS,weather constraint,5,4,15,7.76702047653466,0.8695652173913043,0.074074074074074,1078
1553,SFO,GDP,weather constraint,3,9,15,5.781246696168622,0.4166666666666667,0.0909090909090909,439
1554,EWR,GS,facility constraint,1,2,16,1.241274682250797,0.2105263157894736,0.1111111111111111,372
1555,LGA,GS,facility constraint,1,10,-2,1.3156391141755512,0.24,0.0526315789473684,422
1556,ORD,GS,weather constraint,7,11,5,6.729540987362701,1.0,0.1636363636363636,1088
1557,DEN,GDP,weather constraint,5,4,15,7.76702047653466,0.8695652173913043,0.074074074074074,1078
1558,ORD,GS,weather constraint,7,11,5,6.729540987362701,1.0,0.1636363636363636,1088
1559,ORD,GDP,weather constraint,5,9,3,6.729540987362701,1.0,0.1636363636363636,1072
1560,LGA,GS,weather constraint,8,3,5,7.620456824368827,0.5416666666666666,0.52,402
1561,LGA,GS,other constraint,8,3,5,7.620456824368827,0.5416666666666666,0.52,402
1562,LGA,GS,weather constraint,8,3,5,7.620456824368827,0.5416666666666666,0.52,402
1563,EWR,GS,weather constraint,9,3,5,8.225599916656654,0.7647058823529411,0.238095238095238,371
1564,JFK,GS,weather constraint,8,7,10,7.411176901904881,0.7857142857142857,0.3333333333333333,313
1565,ORD,GDP,weather constraint,8,3,9,9.85365928360657,0.6164383561643836,0.1111111111111111,1114
1566,EWR,GS,weather constraint,9,3,5,8.225599916656654,0.7647058823529411,0.238095238095238,371
1567,LGA,GS,weather constraint,8,3,5,7.620456824368827,0.5416666666666666,0.52,402
1568,LGA,GS,other constraint,6,1,3,7.620456824368827,0.5416666666666666,0.52,383
1569,JFK,GS,weather constraint,8,7,10,7.411176901904881,0.7857142857142857,0.3333333333333333,313
1570,LGA,GS,weather constraint,6,1,3,7.620456824368827,0.5416666666666666,0.52,383
1571,DEN,GS,weather constraint,2,1,12,7.76702047653466,0.8695652173913043,0.074074074074074,1024
1572,EWR,GS,weather constraint,7,1,3,8.225599916656654,0.7647058823529411,0.238095238095238,357
1573,DEN,GS,weather constraint,3,13,9,5.404834541568399,0.5,0.1428571428571428,1030
1574,JFK,GS,weather constraint,6,5,8,7.411176901904881,0.7857142857142857,0.3333333333333333,317
1575,LGA,GS,weather constraint,5,0,2,7.620456824368827,0.5416666666666666,0.52,388
1576,EWR,GS,weather constraint,6,0,2,8.225599916656654,0.7647058823529411,0.238095238095238,354
1577,DEN,GS,weather constraint,2,12,8,5.404834541568399,0.5,0.1428571428571428,1070
1578,JFK,GS,weather constraint,5,4,7,7.411176901904881,0.7857142857142857,0.3333333333333333,317
1579,LGA,GS,weather constraint,5,0,2,7.620456824368827,0.5416666666666666,0.52,388
1580,DEN,GS,weather constraint,1,11,7,5.404834541568399,0.5,0.1428571428571428,1014
1581,EWR,GDP,weather constraint,9,3,5,8.225599916656654,0.7647058823529411,0.238095238095238,371
1582,SFO,GDP,weather constraint,16,17,13,8.590817421583676,1.0,0.0416666666666666,441
1583,LGA,GDP,weather constraint,8,3,5,7.620456824368827,0.5416666666666666,0.52,402
1584,JFK,GDP,weather constraint,8,7,10,7.411176901904881,0.7857142857142857,0.3333333333333333,313
1585,ORD,GS,weather constraint,9,4,10,9.85365928360657,0.6164383561643836,0.1111111111111111,1067
1586,EWR,GDP,weather constraint,9,3,5,8.225599916656654,0.7647058823529411,0.238095238095238,371
1587,LGA,GDP,weather constraint,8,3,5,7.620456824368827,0.5416666666666666,0.52,402
1588,DEN,GS,other constraint,2,15,-6,3.7061375746280447,0.5,0.0555555555555555,908
1589,DEN,GS,other constraint,1,14,-5,3.7061375746280447,0.5,0.0344827586206896,975
1590,DFW,GS,weather constraint,1,2,8,1.0575066681146343,0.2098765432098765,1.0,993
1591,ORD,GS,demand constraint,-6,2,13,4.805383085344378,0.2678571428571428,0.0294117647058823,996
1592,SFO,GDP,weather constraint,5,6,2,8.590817421583676,1.0,0.0416666666666666,439
1593,JFK,GS,weather constraint,2,1,4,7.411176901904881,0.7857142857142857,0.3333333333333333,320
1594,JFK,GS,weather constraint,2,1,4,7.411176901904881,0.7857142857142857,0.3333333333333333,320
1595,JFK,GS,weather constraint,7,1,8,9.255857238668492,0.5454545454545454,0.5,317
1596,EWR,GS,weather constraint,9,9,2,12.757008458783858,0.7142857142857143,0.4210526315789473,372
1597,LGA,GS,weather constraint,7,7,5,8.377366460642733,0.5238095238095238,0.5,413
1598,JFK,GDP,weather constraint,10,4,11,9.255857238668492,0.5454545454545454,0.5,327
1599,JFK,GS,weather constraint,7,1,8,9.255857238668492,0.5454545454545454,0.5,317
1600,ORD,GS,weather constraint,9,4,6,8.414793962825586,0.625,0.1228070175438596,1090
1601,EWR,GDP,weather constraint,17,17,10,12.757008458783858,0.7142857142857143,0.4210526315789473,347
1602,EWR,GS,weather constraint,8,8,1,12.757008458783858,0.7142857142857143,0.4210526315789473,364
1603,LGA,GS,weather constraint,5,5,3,8.377366460642733,0.5238095238095238,0.5,419
1604,JFK,GS,weather constraint,6,0,7,9.255857238668492,0.5454545454545454,0.5,316
1605,EWR,GS,weather constraint,7,7,0,12.757008458783858,0.7142857142857143,0.4210526315789473,362
1606,ORD,GS,weather constraint,8,3,18,8.414793962825586,0.625,0.1388888888888889,1057
1607,EWR,GDP,facility constraint,17,17,10,12.757008458783858,0.7142857142857143,0.4210526315789473,347
1608,ORD,GDP,weather constraint,7,2,17,8.414793962825586,0.625,0.1388888888888889,1071
1609,EWR,GS,weather constraint,7,7,0,12.757008458783858,0.7142857142857143,0.4210526315789473,362
1610,JFK,GS,weather constraint,5,-1,6,9.255857238668492,0.5454545454545454,0.5,316
1611,LGA,GS,weather constraint,4,4,2,8.377366460642733,0.5238095238095238,0.5,430
1612,LGA,GS,weather constraint,3,3,1,8.377366460642733,0.5238095238095238,0.5,433
1613,JFK,GS,weather constraint,4,-2,5,9.255857238668492,0.5454545454545454,0.5,319
1614,EWR,GS,weather constraint,5,5,-2,12.757008458783858,0.7142857142857143,0.4210526315789473,364
1615,ORD,GDP,facility constraint,7,2,17,8.414793962825586,0.625,0.1388888888888889,1071
1616,SFO,GDP,weather constraint,5,8,17,6.1822848578915,0.2857142857142857,0.5,432
1617,LGA,GDP,weather constraint,9,9,7,8.377366460642733,0.5238095238095238,0.5,387
1618,EWR,GS,weather constraint,9,9,2,12.757008458783858,0.7142857142857143,0.4210526315789473,372
1619,LGA,GS,weather constraint,7,7,5,8.377366460642733,0.5238095238095238,0.5,413
1620,EWR,GS,weather constraint,9,9,2,12.757008458783858,0.7142857142857143,0.4210526315789473,372
1621,LGA,GS,weather constraint,3,3,1,8.377366460642733,0.5238095238095238,0.5,433
1622,EWR,GDP,facility constraint,17,15,13,15.780620084197391,0.9333333333333332,0.3333333333333333,354
1623,JFK,GS,weather constraint,3,-3,4,9.255857238668492,0.5454545454545454,0.5,326
1624,ATL,GS,weather constraint,1,5,-1,1.273054033543196,0.4,0.0344827586206896,1027
1625,EWR,GS,weather constraint,18,4,-3,12.9528652079328,0.7142857142857143,0.4210526315789473,364
1626,EWR,GDP,facility constraint,17,15,13,15.780620084197391,0.9333333333333332,0.3333333333333333,354
1627,ORD,GS,weather constraint,1,7,-2,6.269667863244685,0.4736842105263157,0.1388888888888889,1066
1628,ORD,GS,weather constraint,1,7,-2,6.269667863244685,0.4736842105263157,0.1388888888888889,1066
1629,ORD,GS,weather constraint,1,7,-2,6.269667863244685,0.4736842105263157,0.1388888888888889,1066
1630,DEN,GDP,weather constraint,13,10,11,8.190300751330055,0.7380952380952381,0.0158730158730158,918
1631,EWR,GS,demand constraint,11,8,9,13.884213516848982,0.4761904761904761,0.1052631578947368,344
1632,EWR,GS,facility constraint,10,7,8,13.884213516848982,0.4761904761904761,0.1052631578947368,361
1633,EWR,GDP,demand constraint,9,6,7,13.884213516848982,0.4761904761904761,0.1052631578947368,360
1634,CLT,GS,weather constraint,6,3,7,5.808312000631595,0.631578947368421,0.0925925925925925,564
1635,CLT,GS,weather constraint,6,3,7,5.808312000631595,0.631578947368421,0.0925925925925925,564
1636,CLT,GS,other constraint,5,2,6,5.808312000631595,0.631578947368421,0.0925925925925925,544
1637,DEN,GDP,weather constraint,5,2,14,8.190300751330055,0.7380952380952381,0.0526315789473684,1005
1638,CLT,GS,other constraint,4,1,5,5.808312000631595,0.631578947368421,0.0925925925925925,574
1639,CLT,GDP,other constraint,3,0,4,5.808312000631595,0.631578947368421,0.0925925925925925,538
1640,ATL,GS,weather constraint,2,2,0,2.152634471851483,0.3333333333333333,0.0178571428571428,945
1641,ATL,GS,weather constraint,2,2,0,2.152634471851483,0.3333333333333333,0.0178571428571428,945
1642,EWR,GDP,weather constraint,10,8,2,12.458667548375262,0.7058823529411765,0.2,358
1643,ORD,GS,demand constraint,4,-1,-1,7.751632104410305,0.4761904761904761,0.0714285714285714,1029
1644,EWR,GS,weather constraint,7,5,-1,12.458667548375262,0.7058823529411765,0.2,357
1645,LGA,GS,weather constraint,3,0,1,7.597869887810645,0.6956521739130435,0.2592592592592592,430
1646,LGA,GS,weather constraint,3,0,1,7.597869887810645,0.6956521739130435,0.2592592592592592,430
1647,LGA,GS,weather constraint,2,-1,0,7.597869887810645,0.6956521739130435,0.2592592592592592,433
1648,ORD,GDP,weather constraint,8,3,3,7.751632104410305,0.4761904761904761,0.0714285714285714,1017
1649,EWR,GDP,weather constraint,10,8,2,12.458667548375262,0.7058823529411765,0.2,358
1650,LGA,GS,weather constraint,8,5,6,7.597869887810645,0.6956521739130435,0.2592592592592592,421
1651,JFK,GS,weather constraint,10,6,3,8.837749395274702,0.5,0.2142857142857142,321
1652,LGA,GDP,weather constraint,8,5,6,7.597869887810645,0.6956521739130435,0.2592592592592592,421
1653,DEN,GS,demand constraint,3,0,12,8.190300751330055,0.7380952380952381,0.0526315789473684,1013
1654,JFK,GDP,weather constraint,10,6,3,8.837749395274702,0.5,0.2142857142857142,321
1655,ORD,GDP,weather constraint,8,3,3,7.751632104410305,0.4761904761904761,0.0714285714285714,1017
1656,EWR,GS,weather constraint,10,8,2,12.458667548375262,0.7058823529411765,0.2,358
1657,JFK,GS,weather constraint,2,-2,18,8.837749395274702,0.5,0.375,313
1658,LGA,GS,weather constraint,5,2,6,8.237186552792245,0.5652173913043478,0.8148148148148148,332
1659,EWR,GS,weather constraint,5,15,4,10.246923326625403,1.0,0.55,260
1660,EWR,GS,weather constraint,4,14,3,10.246923326625403,1.0,0.55,257
1661,LGA,GS,weather constraint,4,1,5,8.237186552792245,0.5652173913043478,0.8148148148148148,331
1662,LGA,GS,weather constraint,4,1,5,8.237186552792245,0.5652173913043478,0.8148148148148148,331
1663,LGA,GS,other constraint,3,0,4,8.237186552792245,0.5652173913043478,0.8148148148148148,338
1664,EWR,GS,weather constraint,4,14,3,10.246923326625403,1.0,0.55,257
1665,LGA,GS,weather constraint,2,-1,3,8.237186552792245,0.5652173913043478,0.8148148148148148,342
1666,DEN,GS,weather constraint,1,3,18,5.856073108268686,0.5365853658536586,0.0470588235294117,778
1667,LGA,GS,other constraint,2,-1,3,8.237186552792245,0.5652173913043478,0.8148148148148148,342
1668,DEN,GDP,weather constraint,0,2,17,5.856073108268686,0.5365853658536586,0.0470588235294117,739
1669,EWR,GS,weather constraint,2,12,1,10.246923326625403,1.0,0.55,252
1670,LGA,GS,weather constraint,1,-2,2,8.237186552792245,0.5652173913043478,0.8148148148148148,333
1671,SFO,GDP,weather constraint,16,2,3,5.10135200239346,0.4090909090909091,0.05,432
1672,EWR,GS,weather constraint,0,10,-1,10.246923326625403,1.0,0.55,251
1673,ATL,GS,weather constraint,11,1,13,0.9629588099397632,0.3448275862068966,0.4313725490196078,791
1674,EWR,GS,weather constraint,0,10,-1,10.246923326625403,1.0,0.55,251
1675,ATL,GDP,other constraint,10,0,12,0.9629588099397632,0.3448275862068966,0.4313725490196078,794
1676,JFK,GS,weather constraint,3,-1,-4,8.837749395274702,0.5,0.2142857142857142,319
1677,SFO,GDP,weather constraint,2,5,7,5.10135200239346,0.25,0.125,234
1678,DEN,GS,runway or surface constraint,8,10,6,5.856073108268686,0.5365853658536586,0.0333333333333333,702
1679,LGA,GDP,weather constraint,6,3,7,8.237186552792245,0.5652173913043478,0.8148148148148148,313
1680,EWR,GDP,weather constraint,5,15,4,10.246923326625403,1.0,0.55,260
1681,DEN,GDP,weather constraint,7,9,5,5.856073108268686,0.5365853658536586,0.0333333333333333,701
1682,JFK,GDP,weather constraint,-6,3,5,5.863143515437792,0.2857142857142857,0.7,217
1683,LGA,GS,weather constraint,7,4,8,8.237186552792245,0.5652173913043478,0.8148148148148148,313
1684,DEN,GDP,weather constraint,5,9,-5,6.538435814351598,1.0,0.0555555555555555,1069
1685,CLT,GS,weather constraint,3,4,8,3.862078946176345,0.6666666666666666,0.6666666666666666,596
1686,CLT,GS,weather constraint,3,4,8,3.862078946176345,0.6666666666666666,0.6666666666666666,596
1687,EWR,GDP,demand constraint,12,8,3,11.989029176702964,0.8095238095238095,0.1666666666666666,335
1688,CLT,GS,weather constraint,3,4,8,3.862078946176345,0.6666666666666666,0.6666666666666666,596
1689,CLT,GS,weather constraint,1,2,6,3.862078946176345,0.6666666666666666,0.6666666666666666,565
1690,SFO,GDP,weather constraint,10,-5,-3,4.605435180257089,0.25,0.125,241
1691,ATL,GS,other constraint,6,-4,8,0.9629588099397632,0.3448275862068966,0.4313725490196078,786
1692,EWR,GS,facility constraint,12,8,3,11.989029176702964,0.8095238095238095,0.1666666666666666,335
1693,DEN,GS,weather constraint,7,6,11,8.524353319004,0.7777777777777778,1.0,975
1694,EWR,GS,facility constraint,8,5,3,15.539711896243533,0.8571428571428571,0.3,326
1695,DEN,GS,weather constraint,7,6,11,8.524353319004,0.7777777777777778,1.0,975
1696,DEN,GS,weather constraint,6,5,10,8.524353319004,0.7777777777777778,1.0,914
1697,DEN,GS,weather constraint,6,5,10,8.524353319004,0.7777777777777778,1.0,914
1698,DEN,GS,weather constraint,6,5,10,8.524353319004,0.7777777777777778,1.0,914
1699,DEN,GDP,weather constraint,5,4,9,8.524353319004,0.7777777777777778,1.0,969
1700,SFO,GS,weather constraint,4,-1,-3,5.902656046329321,0.3636363636363636,0.125,436
1701,SFO,GDP,weather constraint,3,-2,-4,5.902656046329321,0.3636363636363636,0.125,442
1702,EWR,GDP,facility constraint,17,14,12,15.539711896243533,0.8571428571428571,0.3,313
1703,EWR,GDP,facility constraint,17,14,12,15.539711896243533,0.8571428571428571,0.3,313
1704,DFW,GS,weather constraint,7,7,13,6.319253320745977,0.6136363636363636,1.0,987
1705,DFW,GS,other constraint,7,7,13,6.319253320745977,0.6136363636363636,1.0,987
1706,DFW,GS,other constraint,6,6,12,6.319253320745977,0.6136363636363636,1.0,1023
1707,DFW,GS,weather constraint,5,5,11,6.319253320745977,0.6136363636363636,1.0,1019
1708,DFW,GDP,other constraint,5,5,11,6.319253320745977,0.6136363636363636,1.0,1019
1709,EWR,GS,other constraint,7,5,0,11.316577557307342,0.3809523809523809,0.0588235294117647,360
1710,EWR,GDP,facility constraint,7,5,0,11.316577557307342,0.3809523809523809,0.0588235294117647,360
1711,SFO,GS,weather constraint,1,2,12,1.9194616341534017,0.3043478260869565,0.0357142857142857,444
1712,DFW,GDP,weather constraint,3,6,-5,6.7749500645538685,0.25,1.0,971
1713,ORD,GS,other constraint,1,5,8,1.9712621785560127,0.2280701754385964,0.0588235294117647,1081
1714,LGA,GS,demand constraint,1,3,-6,1.2906309857261018,0.12,0.0,423
1715,EWR,GS,demand constraint,7,5,5,7.423691832351709,0.35,0.05,348
1716,EWR,GDP,facility constraint,6,4,4,7.423691832351709,0.35,0.05,351
1717,DEN,GS,weather constraint,4,9,5,3.815823789150475,1.0,0.2,978
1718,SFO,GS,other constraint,1,5,8,1.5465657917772844,0.4651162790697674,0.1666666666666666,434
1719,ORD,GS,other constraint,3,10,10,3.719101598433757,0.5,0.25,1008
1720,DEN,GS,other constraint,3,8,4,3.815823789150475,1.0,0.2,927
1721,EWR,GS,other constraint,3,6,9,5.9915976685474615,0.8,1.0,356
1722,DEN,GS,other constraint,3,8,4,3.815823789150475,1.0,0.2,927
1723,EWR,GS,other constraint,1,4,7,5.9915976685474615,0.8,1.0,359
1724,ORD,GS,other constraint,1,8,8,3.719101598433757,0.5,0.25,1015
1725,DEN,GS,other constraint,1,6,2,3.815823789150475,1.0,0.2,927
1726,ORD,GS,other constraint,3,10,10,3.719101598433757,0.5,0.25,1008
1727,EWR,GS,other constraint,3,6,9,5.9915976685474615,0.8,1.0,356
1728,EWR,GDP,facility constraint,18,3,0,8.80741049947769,0.6363636363636364,0.125,347
1729,DEN,GDP,facility constraint,3,1,3,3.793200110386481,0.391304347826087,0.0178571428571428,922
1730,EWR,GDP,facility constraint,16,13,8,13.616987392623702,0.8,0.0588235294117647,313
1731,ORD,GDP,weather constraint,10,13,-6,8.581179128167161,0.375,0.0833333333333333,1027
1732,DEN,GDP,weather constraint,8,10,4,8.889711202311664,1.0,0.1685393258426966,1018
1733,DEN,GS,weather constraint,9,11,5,8.889711202311664,1.0,0.1685393258426966,1059
1734,DEN,GS,weather constraint,9,11,5,8.889711202311664,1.0,0.1685393258426966,1059
1735,DEN,GS,weather constraint,8,10,4,8.889711202311664,1.0,0.1685393258426966,1018
1736,DEN,GDP,weather constraint,8,10,4,8.889711202311664,1.0,0.1685393258426966,1018
1737,SFO,GDP,weather constraint,3,-2,15,3.279813839929909,0.2,0.0434782608695652,434
1738,ORD,GS,weather constraint,10,13,-6,8.581179128167161,0.375,0.0833333333333333,1027
1739,DEN,GS,weather constraint,5,7,1,8.889711202311664,1.0,0.1685393258426966,1072
1740,SFO,GDP,weather constraint,4,14,-1,5.010247619310572,0.25,0.0357142857142857,431
1741,DEN,GS,weather constraint,5,7,1,8.889711202311664,1.0,0.1685393258426966,1072
1742,CLT,GS,weather constraint,1,11,1,1.2850236670857713,0.4,0.03125,501
1743,ORD,GDP,weather constraint,8,4,3,9.586993862222403,0.75,0.325,953
1744,ORD,GS,weather constraint,8,4,3,9.586993862222403,0.75,0.325,953
1745,DFW,GDP,weather constraint,4,4,5,4.507918192802746,0.463768115942029,0.0588235294117647,864
1746,ORD,GS,weather constraint,8,4,3,9.586993862222403,0.75,0.325,953
1747,ORD,GS,weather constraint,8,4,3,9.586993862222403,0.75,0.325,953
1748,DFW,GS,weather constraint,4,4,5,4.507918192802746,0.463768115942029,0.0588235294117647,864
1749,EWR,GS,weather constraint,2,8,5,1.6763514477410153,0.6,0.0625,351
1750,ORD,GS,weather constraint,7,3,2,9.586993862222403,0.75,0.325,923
1751,ORD,GDP,weather constraint,8,4,3,9.586993862222403,0.75,0.325,953
1752,DFW,GS,weather constraint,2,2,3,4.507918192802746,0.463768115942029,0.0588235294117647,862
1753,ORD,GS,weather constraint,17,13,12,9.586993862222403,0.75,0.325,902
1754,CLT,GS,weather constraint,1,10,14,1.4601297498814472,0.1904761904761904,0.25,480
1755,DFW,GDP,other constraint,4,4,5,4.507918192802746,0.463768115942029,0.0588235294117647,864
1756,ORD,GS,weather constraint,10,6,5,9.586993862222403,0.75,0.325,965
1757,LGA,GS,weather constraint,10,9,6,9.192841224801594,0.5,0.6153846153846154,423
1758,LGA,GS,weather constraint,9,8,5,9.192841224801594,0.5,0.6153846153846154,422
1759,EWR,GS,weather constraint,11,14,5,9.535941582757674,1.0,0.3684210526315789,354
1760,JFK,GS,weather constraint,9,5,4,9.176131869463621,0.8181818181818182,0.35,299
1761,EWR,GS,weather constraint,10,13,4,9.535941582757674,1.0,0.3684210526315789,357
1762,LGA,GS,weather constraint,8,7,4,9.192841224801594,0.5,0.6153846153846154,429
1763,JFK,GS,weather constraint,8,4,3,9.176131869463621,0.8181818181818182,0.35,293
1764,EWR,GS,weather constraint,10,13,4,9.535941582757674,1.0,0.3684210526315789,357
1765,EWR,GS,weather constraint,9,12,3,9.535941582757674,1.0,0.3684210526315789,347
1766,LGA,GS,weather constraint,7,6,3,9.192841224801594,0.5,0.6153846153846154,430
1767,EWR,GS,weather constraint,9,12,3,9.535941582757674,1.0,0.3684210526315789,347
1768,JFK,GS,weather constraint,7,3,2,9.176131869463621,0.8181818181818182,0.35,300
1769,EWR,GS,weather constraint,9,12,3,9.535941582757674,1.0,0.3684210526315789,347
1770,EWR,GS,weather constraint,8,11,2,9.535941582757674,1.0,0.3684210526315789,351
1771,JFK,GS,weather constraint,6,2,1,9.176131869463621,0.8181818181818182,0.35,299
1772,LGA,GS,weather constraint,6,5,2,9.192841224801594,0.5,0.6153846153846154,424
1773,JFK,GS,weather constraint,5,1,0,9.176131869463621,0.8181818181818182,0.35,298
1774,LGA,GS,weather constraint,5,4,1,9.192841224801594,0.5,0.6153846153846154,430
1775,EWR,GS,weather constraint,7,10,1,9.535941582757674,1.0,0.3684210526315789,349
1776,JFK,GS,weather constraint,5,1,0,9.176131869463621,0.8181818181818182,0.35,298
1777,SFO,GDP,weather constraint,4,4,1,5.920892834029621,0.3,0.0666666666666666,427
1778,SFO,GS,weather constraint,4,11,0,4.839833462564285,0.4,0.0344827586206896,409
1779,LGA,GDP,weather constraint,11,10,7,9.192841224801594,0.5,0.6153846153846154,404
1780,DFW,GS,weather constraint,1,1,2,4.507918192802746,0.463768115942029,0.0588235294117647,902
1781,SFO,GDP,weather constraint,4,11,0,4.839833462564285,0.4,0.0344827586206896,409
1782,DFW,GS,weather constraint,1,1,2,4.507918192802746,0.463768115942029,0.0588235294117647,902
1783,DFW,GS,weather constraint,1,15,17,3.173399069838887,0.4285714285714285,0.3333333333333333,825
1784,JFK,GDP,weather constraint,11,7,6,9.176131869463621,0.8181818181818182,0.35,293
1785,EWR,GDP,weather constraint,11,14,5,9.535941582757674,1.0,0.3684210526315789,354
1786,LGA,GS,weather constraint,11,10,7,9.192841224801594,0.5,0.6153846153846154,404
1787,EWR,GDP,weather constraint,11,14,5,9.535941582757674,1.0,0.3684210526315789,354
1788,JFK,GDP,weather constraint,9,6,-6,10.889040453582838,0.7894736842105263,0.1428571428571428,307
1789,LGA,GS,weather constraint,6,3,-6,8.57422784994468,0.52,0.08,430
1790,EWR,GDP,facility constraint,13,10,11,12.835654233964249,0.8571428571428571,0.0588235294117647,355
1791,JFK,GS,weather constraint,3,-1,-2,9.176131869463621,0.8181818181818182,0.35,310
1792,LGA,GS,weather constraint,5,2,-6,8.57422784994468,0.52,0.0769230769230769,431
1793,LGA,GDP,weather constraint,4,1,2,8.57422784994468,0.52,0.0769230769230769,425
1794,DEN,GS,weather constraint,2,3,5,2.6860094712053986,0.3714285714285714,0.03125,1049
1795,DEN,GS,weather constraint,2,3,5,2.6860094712053986,0.3714285714285714,0.03125,1049
1796,JFK,GS,weather constraint,2,-2,-3,9.176131869463621,0.8181818181818182,0.35,302
1797,EWR,GDP,facility constraint,13,10,11,12.835654233964249,0.8571428571428571,0.0588235294117647,355
1798,JFK,GS,weather constraint,10,7,-5,10.889040453582838,0.7894736842105263,0.1428571428571428,311
1799,ATL,GS,weather constraint,5,4,5,3.9669747006837923,0.3975903614457831,0.0833333333333333,949
1800,DEN,GS,weather constraint,5,4,9,5.550837125837924,0.3943661971830985,0.2,986
1801,ATL,GS,weather constraint,5,4,5,3.9669747006837923,0.3975903614457831,0.0833333333333333,949
1802,DFW,GS,facility constraint,1,5,3,1.1288924813187977,0.1764705882352941,0.0476190476190476,872
1803,EWR,GDP,facility constraint,6,4,6,9.961713892011021,0.6363636363636364,0.0526315789473684,352
1804,DEN,GDP,weather constraint,4,3,8,5.550837125837924,0.3943661971830985,0.2,1025
1805,ATL,GS,other constraint,1,0,1,3.9669747006837923,0.3975903614457831,0.0833333333333333,933
1806,JFK,GS,weather constraint,1,8,1,2.5352387013671835,0.3333333333333333,0.0909090909090909,297
1807,ORD,GS,weather constraint,18,2,14,11.754801398376413,0.6271186440677966,0.5301204819277109,985
1808,ORD,GS,weather constraint,18,2,14,11.754801398376413,0.6271186440677966,0.5301204819277109,985
1809,ATL,GS,other constraint,1,0,1,3.9669747006837923,0.3975903614457831,0.0833333333333333,933
1810,ORD,GS,weather constraint,18,2,14,11.754801398376413,0.6271186440677966,0.5301204819277109,985
1811,ORD,GS,weather constraint,18,4,16,10.882513091460478,0.6271186440677966,0.5301204819277109,1003
1812,DEN,GDP,weather constraint,3,1,-1,5.39929624558265,0.375,0.0294117647058823,923
1813,ORD,GDP,weather constraint,18,4,16,10.882513091460478,0.6271186440677966,0.5301204819277109,1003
1814,ORD,GDP,weather constraint,18,4,16,10.882513091460478,0.6271186440677966,0.5301204819277109,1003
1815,EWR,GS,weather constraint,7,12,8,8.227656860873806,1.0,0.2,358
1816,LGA,GS,weather constraint,7,5,3,8.217899149088346,0.625,0.1923076923076923,421
1817,EWR,GS,weather constraint,6,11,7,8.227656860873806,1.0,0.2,359
1818,JFK,GS,weather constraint,6,5,7,7.259085208713832,0.6666666666666666,0.125,314
1819,LGA,GS,weather constraint,5,3,1,8.217899149088346,0.625,0.1923076923076923,430
1820,JFK,GS,weather constraint,5,4,6,7.259085208713832,0.6666666666666666,0.125,312
1821,EWR,GS,weather constraint,5,10,6,8.227656860873806,1.0,0.2,357
1822,LGA,GS,weather constraint,4,2,0,8.217899149088346,0.625,0.1923076923076923,434
1823,EWR,GS,weather constraint,4,9,5,8.227656860873806,1.0,0.2,360
1824,ORD,GS,weather constraint,14,-2,10,11.754801398376413,0.6271186440677966,0.5301204819277109,996
1825,ORD,GS,weather constraint,14,-2,10,11.754801398376413,0.6271186440677966,0.5301204819277109,996
1826,ORD,GDP,weather constraint,18,4,16,10.882513091460478,0.6271186440677966,0.5301204819277109,1003
1827,ORD,GS,other constraint,7,-4,3,11.754801398376413,0.5,0.5301204819277109,1015
1828,ORD,GS,other constraint,6,-5,2,11.754801398376413,0.5,0.5301204819277109,1029
1829,ORD,GS,other constraint,5,-6,1,11.754801398376413,0.5,0.5301204819277109,1019
1830,ORD,GDP,other constraint,3,10,-1,11.754801398376413,0.3846153846153846,0.5301204819277109,1015
1831,SFO,GDP,weather constraint,3,16,13,3.518873091809877,0.5,0.0625,433
1832,JFK,GDP,weather constraint,7,6,8,7.259085208713832,0.6666666666666666,0.125,314
1833,LGA,GDP,weather constraint,9,7,5,8.217899149088346,0.625,0.1923076923076923,397
1834,EWR,GDP,weather constraint,8,13,9,8.227656860873806,1.0,0.2,368
1835,DEN,GDP,weather constraint,4,2,5,4.357165883232787,0.3928571428571428,0.075,971
1836,ORD,GS,weather constraint,9,8,4,10.385928322366812,0.6363636363636364,0.8813559322033898,1074
1837,LGA,GS,weather constraint,3,1,-1,8.217899149088346,0.625,0.1923076923076923,430
1838,ORD,GS,weather constraint,8,7,3,10.385928322366812,0.6363636363636364,0.8813559322033898,1034
1839,ORD,GDP,weather constraint,10,9,5,10.385928322366812,0.6363636363636364,0.8813559322033898,1055
1840,ORD,GS,weather constraint,7,6,2,10.385928322366812,0.6363636363636364,0.8813559322033898,1051
1841,ORD,GS,weather constraint,6,5,1,10.385928322366812,0.6363636363636364,0.8813559322033898,1054
1842,EWR,GS,weather constraint,2,7,3,8.227656860873806,1.0,0.2,364
1843,LGA,GS,weather constraint,2,0,-2,8.217899149088346,0.625,0.1923076923076923,427
1844,LGA,GS,weather constraint,1,-1,-3,8.217899149088346,0.625,0.1923076923076923,428
1845,EWR,GDP,demand constraint,10,9,-5,10.836789859659413,0.3181818181818182,0.1304347826086956,349
1846,EWR,GS,weather constraint,3,8,4,8.227656860873806,1.0,0.2,362
1847,LGA,GS,demand constraint,-6,7,8,5.451922197778208,0.28,0.16,424
1848,ORD,GDP,weather constraint,10,9,5,10.385928322366812,0.6363636363636364,0.8813559322033898,1055
1849,ORD,GDP,weather constraint,10,9,5,10.385928322366812,0.6363636363636364,0.8813559322033898,1055
1850,ORD,GS,weather constraint,4,3,-1,10.385928322366812,0.6363636363636364,0.8813559322033898,1057
1851,ORD,GS,weather constraint,5,4,0,10.385928322366812,0.6363636363636364,0.8813559322033898,1046
1852,ATL,GS,weather constraint,8,4,-3,6.7784487508743565,0.6842105263157895,0.0212765957446808,882
1853,ATL,GS,weather constraint,7,3,-4,6.7784487508743565,0.6842105263157895,0.0212765957446808,911
1854,ATL,GS,weather constraint,7,3,-4,6.7784487508743565,0.6842105263157895,0.0212765957446808,911
1855,ATL,GDP,weather constraint,5,1,-6,6.7784487508743565,0.6842105263157895,0.0212765957446808,881
1856,ATL,GS,weather constraint,2,2,12,4.62002777610334,0.3275862068965517,0.0454545454545454,904
1857,ATL,GS,weather constraint,2,2,12,4.62002777610334,0.3275862068965517,0.0454545454545454,904
1858,DFW,GS,weather constraint,11,6,14,8.752186348747003,0.8,0.1969696969696969,824
1859,DFW,GS,weather constraint,10,5,13,8.752186348747003,0.8,0.1969696969696969,822
1860,SFO,GDP,facility constraint,3,1,-6,3.372835785965217,0.2857142857142857,0.0,377
1861,DFW,GDP,weather constraint,9,4,12,8.752186348747003,0.8,0.1969696969696969,822
1862,DFW,GS,weather constraint,8,3,11,8.752186348747003,0.8,0.1969696969696969,822
1863,DFW,GS,other constraint,7,2,10,8.752186348747003,0.8,0.1969696969696969,824
1864,JFK,GDP,weather constraint,10,6,-6,8.78804119202846,0.7272727272727273,0.0,310
1865,DFW,GS,weather constraint,7,2,10,8.752186348747003,0.8,0.1969696969696969,824
1866,LGA,GDP,weather constraint,9,7,5,8.288750733431888,0.24,0.0416666666666666,422
1867,DFW,GS,weather constraint,6,1,9,8.752186348747003,0.8,0.1969696969696969,833
1868,EWR,GDP,weather constraint,9,7,3,8.88631720943989,0.4782608695652174,0.0555555555555555,357
1869,DFW,GDP,weather constraint,9,4,12,8.752186348747003,0.8,0.1969696969696969,822
1870,DFW,GS,weather constraint,1,1,-5,3.591376973403588,0.3191489361702128,0.0266666666666666,960
1871,LGA,GS,demand constraint,2,0,-2,8.288750733431888,0.24,0.0416666666666666,430
1872,EWR,GDP,demand constraint,12,9,-3,12.041018715861103,0.3684210526315789,0.0476190476190476,354
1873,EWR,GS,demand constraint,10,7,-5,12.041018715861103,0.3684210526315789,0.0476190476190476,361
1874,LGA,GS,demand constraint,-6,6,-6,5.223980257099869,0.2307692307692307,0.0,422
1875,JFK,GDP,weather constraint,5,5,-6,7.847507094342665,0.4166666666666667,0.0,311
1876,DEN,GDP,weather constraint,5,4,18,4.731247851450303,0.2028985507246377,0.0434782608695652,974
1877,LGA,GS,demand constraint,3,9,5,3.4753374112470943,0.2,0.0434782608695652,405
1878,LGA,GS,demand constraint,1,7,3,3.4753374112470943,0.2,0.0434782608695652,393
1879,SFO,GS,weather constraint,1,8,1,1.2386294775995625,0.2142857142857142,0.0526315789473684,361
1880,DEN,GS,weather constraint,18,3,2,5.5804854279725005,0.6290322580645161,0.046875,890
1881,DEN,GS,weather constraint,18,3,2,5.5804854279725005,0.6290322580645161,0.046875,890
1882,DEN,GS,weather constraint,18,3,2,5.5804854279725005,0.6290322580645161,0.046875,890
1883,DEN,GS,weather constraint,18,3,2,5.5804854279725005,0.6290322580645161,0.046875,890
1884,DEN,GDP,weather constraint,18,1,0,6.969721432078515,0.6290322580645161,0.046875,903
1885,DEN,GDP,weather constraint,12,10,-2,9.51846065051748,0.78125,0.0285714285714285,846
1886,DEN,GDP,weather constraint,5,3,-6,9.51846065051748,0.78125,0.0,921
1887,DFW,GS,weather constraint,2,10,3,4.524998626774719,0.5,0.5974025974025974,962
1888,DFW,GS,weather constraint,3,11,4,4.524998626774719,0.5,0.5974025974025974,1010
1889,DEN,GDP,weather constraint,12,11,13,8.179219937908432,0.3283582089552239,0.0294117647058823,955
1890,EWR,GS,facility constraint,14,10,15,10.288799080317267,0.7894736842105263,1.0,346
1891,EWR,GDP,facility constraint,12,8,13,10.288799080317267,0.7894736842105263,1.0,350
1892,EWR,GDP,facility constraint,12,8,13,10.288799080317267,0.7894736842105263,1.0,350
1893,DFW,GS,weather constraint,4,12,5,4.524998626774719,0.5,0.5974025974025974,956
1894,DFW,GS,weather constraint,4,12,5,4.524998626774719,0.5,0.5974025974025974,956
1895,DEN,GS,weather constraint,4,3,5,8.179219937908432,0.3283582089552239,0.0294117647058823,1042
1896,DFW,GS,weather constraint,3,11,4,4.524998626774719,0.5,0.5974025974025974,1010
1897,SFO,GDP,facility constraint,3,0,6,3.1102438318094645,0.2,0.25,435
1898,DEN,GDP,weather constraint,4,2,14,6.895957032855449,0.3846153846153846,0.0238095238095238,1020
1899,DEN,GS,weather constraint,2,1,3,8.179219937908432,0.3283582089552239,0.0294117647058823,1045
1900,EWR,GDP,facility constraint,5,5,-4,8.285711925912832,0.25,0.05,352
1901,DEN,GDP,weather constraint,2,0,17,6.895957032855449,0.3846153846153846,0.037037037037037,995
1902,DEN,GS,weather constraint,2,1,3,8.179219937908432,0.3283582089552239,0.0294117647058823,1045
1903,DEN,GS,weather constraint,1,0,2,8.179219937908432,0.3283582089552239,0.0294117647058823,977
1904,DFW,GS,weather constraint,1,9,2,4.524998626774719,0.5,0.5974025974025974,1005
1905,DFW,GS,weather constraint,1,9,2,4.524998626774719,0.5,0.5974025974025974,1005
1906,DFW,GS,facility constraint,10,8,11,7.702023796148087,0.6206896551724138,0.4647887323943662,803
1907,DFW,GS,weather constraint,7,5,8,7.702023796148087,0.6206896551724138,0.4647887323943662,797
1908,DFW,GS,weather constraint,6,4,7,7.702023796148087,0.6206896551724138,0.4647887323943662,797
1909,DFW,GS,other constraint,6,4,7,7.702023796148087,0.6206896551724138,0.4647887323943662,797
1910,DFW,GS,weather constraint,6,4,7,7.702023796148087,0.6206896551724138,0.4647887323943662,797
1911,DFW,GS,other constraint,6,4,7,7.702023796148087,0.6206896551724138,0.4647887323943662,797
1912,DFW,GS,weather constraint,4,2,5,7.702023796148087,0.6206896551724138,0.4647887323943662,793
1913,DFW,GS,weather constraint,4,2,5,7.702023796148087,0.6206896551724138,0.4647887323943662,793
1914,DFW,GDP,other constraint,3,1,4,7.702023796148087,0.6206896551724138,0.4647887323943662,834
1915,DEN,GDP,weather constraint,4,2,-3,6.521258349238891,0.6,0.0416666666666666,847
1916,EWR,GS,facility constraint,11,7,-6,8.472607134564486,0.631578947368421,0.0,350
1917,DFW,GS,weather constraint,2,5,6,3.2591559895570867,0.4946236559139785,0.2333333333333333,979
1918,EWR,GDP,facility constraint,9,5,-6,8.472607134564486,0.631578947368421,0.0,370
1919,DFW,GS,weather constraint,1,4,5,3.2591559895570867,0.4946236559139785,0.2333333333333333,978
1920,EWR,GS,facility constraint,8,4,-6,8.472607134564486,0.631578947368421,0.0,363
1921,EWR,GDP,facility constraint,9,5,-6,8.472607134564486,0.631578947368421,0.0,370
1922,EWR,GDP,facility constraint,5,3,-6,8.02266814224852,0.15,0.0,352
1923,LGA,GS,weather constraint,7,6,3,7.395012064061459,0.5384615384615384,0.4814814814814814,431
1924,LGA,GS,weather constraint,7,6,3,7.395012064061459,0.5384615384615384,0.4814814814814814,431
1925,JFK,GS,weather constraint,6,11,13,5.6490417231043955,1.0,0.1,305
1926,CLT,GS,weather constraint,1,4,6,0.8958333333338226,0.4210526315789473,0.1428571428571428,556
1927,EWR,GDP,facility constraint,12,12,16,10.350462336268482,0.7777777777777778,1.0,347
1928,LGA,GS,weather constraint,5,4,1,7.395012064061459,0.5384615384615384,0.4814814814814814,433
1929,JFK,GS,weather constraint,6,11,13,5.6490417231043955,1.0,0.1,305
1930,EWR,GS,weather constraint,6,6,10,10.350462336268482,0.7777777777777778,1.0,358
1931,JFK,GDP,weather constraint,4,9,11,5.6490417231043955,1.0,0.1,306
1932,LGA,GS,weather constraint,4,3,0,7.395012064061459,0.5384615384615384,0.4814814814814814,435
1933,SFO,GDP,weather constraint,5,15,15,4.89545339469856,0.2608695652173913,0.0434782608695652,402
1934,LGA,GDP,weather constraint,8,7,4,7.395012064061459,0.5384615384615384,0.4814814814814814,431
1935,SFO,GS,weather constraint,2,12,12,4.89545339469856,0.2608695652173913,0.0434782608695652,402
1936,DEN,GDP,weather constraint,4,7,-5,3.901088988658543,0.12,0.0112359550561797,958
1937,DFW,GS,weather constraint,2,6,6,2.1217959282697993,0.6,0.2,846
1938,EWR,GS,weather constraint,3,3,7,10.350462336268482,0.7777777777777778,1.0,363
1939,EWR,GS,weather constraint,3,3,7,10.350462336268482,0.7777777777777778,1.0,363
1940,LGA,GS,other constraint,1,0,-3,7.395012064061459,0.5384615384615384,0.4814814814814814,430
1941,LGA,GS,other constraint,1,0,-3,7.395012064061459,0.5384615384615384,0.4814814814814814,430
1942,EWR,GS,weather constraint,18,1,5,10.445825114688725,0.7777777777777778,1.0,365
1943,EWR,GS,other constraint,18,1,5,10.445825114688725,0.7777777777777778,1.0,365
1944,SFO,GDP,weather constraint,5,4,0,6.517468946872296,0.3,0.0666666666666666,405
1945,EWR,GS,facility constraint,10,-6,-4,12.201398175654264,0.25,0.45,354
1946,EWR,GDP,facility constraint,9,7,-5,12.201398175654264,0.2105263157894736,0.45,352
1947,SFO,GS,weather constraint,2,1,-3,6.517468946872296,0.3,0.0666666666666666,405
1948,LGA,GDP,weather constraint,8,7,4,7.395012064061459,0.5384615384615384,0.4814814814814814,431
1949,LGA,GS,weather constraint,7,4,3,6.908283437416669,0.5714285714285714,0.2142857142857142,249
1950,LGA,GS,weather constraint,6,3,2,6.908283437416669,0.5714285714285714,0.2142857142857142,254
1951,JFK,GS,weather constraint,10,8,5,9.064873988563487,0.4705882352941176,0.6153846153846154,286
1952,EWR,GS,weather constraint,11,15,1,13.536757910797991,1.0,0.4,287
1953,EWR,GS,weather constraint,10,14,0,13.536757910797991,1.0,0.4,295
1954,JFK,GS,weather constraint,10,8,5,9.064873988563487,0.4705882352941176,0.6153846153846154,286
1955,EWR,GS,weather constraint,10,14,0,13.536757910797991,1.0,0.4,295
1956,LGA,GS,weather constraint,5,2,1,6.908283437416669,0.5714285714285714,0.2142857142857142,273
1957,EWR,GS,weather constraint,9,13,-1,13.536757910797991,1.0,0.4,300
1958,ATL,GS,weather constraint,0,6,5,0.8166666712902759,0.2857142857142857,0.025,801
1959,CLT,GS,weather constraint,5,3,4,4.9213993852094875,0.631578947368421,0.1481481481481481,531
1960,EWR,GDP,weather constraint,13,17,3,13.536757910797991,1.0,0.4,284
1961,LGA,GS,weather constraint,4,1,0,6.908283437416669,0.5714285714285714,0.2142857142857142,274
1962,JFK,GS,weather constraint,8,6,3,9.064873988563487,0.4705882352941176,0.6153846153846154,286
1963,JFK,GDP,weather constraint,8,6,3,9.064873988563487,0.4705882352941176,0.6153846153846154,286
1964,LGA,GS,weather constraint,4,1,0,6.908283437416669,0.5714285714285714,0.2142857142857142,274
1965,EWR,GS,weather constraint,7,11,-3,13.536757910797991,1.0,0.4,304
1966,CLT,GDP,other constraint,3,1,2,4.9213993852094875,0.631578947368421,0.1481481481481481,519
1967,EWR,GS,weather constraint,7,11,-3,13.536757910797991,1.0,0.4,304
1968,LGA,GS,weather constraint,2,-1,-2,6.908283437416669,0.5714285714285714,0.2142857142857142,280
1969,LGA,GS,demand constraint,2,-1,-2,6.908283437416669,0.5714285714285714,0.2142857142857142,280
1970,JFK,GS,weather constraint,6,4,1,9.064873988563487,0.4705882352941176,0.6153846153846154,287
1971,CLT,GS,weather constraint,2,0,1,4.9213993852094875,0.631578947368421,0.1481481481481481,541
1972,DFW,GS,weather constraint,2,6,6,2.1217959282697993,0.6,0.2,846
1973,EWR,GDP,runway or surface constraint,13,17,3,13.536757910797991,1.0,0.4,284
1974,EWR,GS,runway or surface constraint,14,18,4,13.536757910797991,1.0,0.4,277
1975,EWR,GDP,runway or surface constraint,13,17,3,13.536757910797991,1.0,0.4,284
1976,EWR,GS,weather constraint,11,15,1,13.536757910797991,1.0,0.4,287
1977,EWR,GS,weather constraint,11,15,1,13.536757910797991,1.0,0.4,287
1978,LGA,GS,demand constraint,1,-2,-3,6.908283437416669,0.5714285714285714,0.2142857142857142,293
1979,LGA,GS,other constraint,11,6,-4,11.013269750771421,0.5652173913043478,0.125,377
1980,LGA,GS,other constraint,11,6,-4,11.013269750771421,0.5652173913043478,0.125,377
1981,LGA,GDP,other constraint,10,5,-5,11.013269750771421,0.5652173913043478,0.125,377
1982,LGA,GS,other constraint,5,0,-2,11.013269750771421,0.5652173913043478,0.0869565217391304,424
1983,LGA,GS,other constraint,4,-1,-3,11.013269750771421,0.5652173913043478,0.0869565217391304,434
1984,SFO,GDP,facility constraint,3,6,-6,4.043415050681177,1.0,0.0,432
1985,DEN,GS,runway or surface constraint,1,2,4,1.5751025756344534,0.1724137931034483,0.0192307692307692,994
1986,DEN,GDP,weather constraint,5,3,-6,5.402691749573813,0.4603174603174603,0.0,855
1987,DEN,GS,weather constraint,5,3,-6,5.402691749573813,0.4603174603174603,0.0,855
1988,DEN,GS,weather constraint,5,3,-6,5.402691749573813,0.4603174603174603,0.0,855
1989,DEN,GS,weather constraint,5,3,-6,5.402691749573813,0.4603174603174603,0.0,855
1990,DEN,GS,weather constraint,5,3,-6,5.402691749573813,0.4603174603174603,0.0,855
1991,DEN,GS,weather constraint,5,3,-6,5.402691749573813,0.4603174603174603,0.0,855
1992,DEN,GDP,weather constraint,5,3,-6,5.402691749573813,0.4603174603174603,0.0,855
1993,DEN,GDP,weather constraint,4,8,-6,5.761015871766167,0.125,0.0,908
1994,SFO,GDP,weather constraint,3,1,17,3.793866242264844,0.1111111111111111,0.05,404
1995,DFW,GS,facility constraint,1,-1,-6,1.201384137286336,0.1194029850746268,0.0,956
1996,DEN,GDP,weather constraint,5,3,-6,6.977553506333992,0.4936708860759494,0.0,986
1997,LGA,GS,other constraint,5,3,-6,4.982765125744847,0.3076923076923077,0.0,434
1998,DEN,GS,weather constraint,6,4,-6,6.977553506333992,0.4936708860759494,0.0,1025
1999,LGA,GS,other constraint,5,3,-6,4.982765125744847,0.3076923076923077,0.0,434
2000,LGA,GDP,other constraint,3,1,-6,4.982765125744847,0.3076923076923077,0.0,435
2001,SFO,GDP,weather constraint,4,2,-6,5.20822876088405,0.2580645161290322,0.05,440
2002,DEN,GDP,weather constraint,5,2,-6,7.216996109390073,0.4875,0.0,1014
2003,SFO,GS,weather constraint,4,2,15,5.653770644369149,0.2222222222222222,0.0714285714285714,419
2004,SFO,GDP,weather constraint,3,1,14,5.653770644369149,0.2222222222222222,0.0714285714285714,413
2005,ORD,GS,weather constraint,12,3,5,9.716491667743423,0.7101449275362319,0.2,876
2006,ORD,GS,weather constraint,12,3,5,9.716491667743423,0.7101449275362319,0.2,876
2007,ORD,GS,weather constraint,10,1,3,9.716491667743423,0.7101449275362319,0.2,869
2008,ORD,GDP,weather constraint,10,1,3,9.716491667743423,0.7101449275362319,0.2,869
2009,DEN,GDP,weather constraint,3,-1,-6,6.02814866866577,0.21875,0.0,873
2010,SFO,GDP,weather constraint,16,1,-6,5.460777957845895,0.2333333333333333,0.0,438
2011,ORD,GS,facility constraint,1,16,-6,2.2414074045412598,0.2666666666666666,0.0,1045
2012,SFO,GDP,weather constraint,3,2,-2,5.460777957845895,0.1666666666666666,0.0,419
2013,LGA,GS,demand constraint,1,5,-5,0.9629276810629008,0.1428571428571428,0.0,410
2014,DEN,GDP,weather constraint,5,3,-1,5.037168155426694,0.65625,0.0185185185185185,856
2015,EWR,GS,demand constraint,6,4,14,6.7149444362874675,0.3333333333333333,0.2,346
2016,EWR,GDP,demand constraint,7,5,15,6.7149444362874675,0.3333333333333333,0.2,350
2017,EWR,GDP,demand constraint,7,5,15,6.7149444362874675,0.3333333333333333,0.2,350
2018,LGA,GS,demand constraint,10,6,3,8.127601634363923,0.6538461538461539,0.0833333333333333,425
2019,LGA,GS,weather constraint,9,5,2,8.127601634363923,0.6538461538461539,0.0833333333333333,422
2020,LGA,GS,weather constraint,9,5,2,8.127601634363923,0.6538461538461539,0.0833333333333333,422
2021,LGA,GS,weather constraint,7,3,0,8.127601634363923,0.6538461538461539,0.0833333333333333,429
2022,EWR,GS,demand constraint,6,4,14,6.7149444362874675,0.3333333333333333,0.2,346
2023,JFK,GS,weather constraint,7,13,14,5.935602339872772,0.3333333333333333,0.1818181818181818,291
2024,LGA,GDP,weather constraint,6,2,-1,8.127601634363923,0.6538461538461539,0.0833333333333333,427
2025,JFK,GDP,weather constraint,6,12,13,5.935602339872772,0.3333333333333333,0.1818181818181818,289
2026,DEN,GS,facility constraint,1,16,0,2.45502241450351,0.2,0.0125,947
2027,DEN,GS,facility constraint,1,16,0,2.45502241450351,0.2,0.0125,947
2028,DFW,GS,facility constraint,6,4,18,5.342949376483221,0.1836734693877551,0.0166666666666666,979
2029,DFW,GDP,facility constraint,5,3,17,5.342949376483221,0.1836734693877551,0.0166666666666666,952
2030,DFW,GS,facility constraint,6,9,4,8.955094381038599,1.0,0.7833333333333333,917
2031,DFW,GS,facility constraint,4,7,2,8.955094381038599,1.0,0.7833333333333333,933
2032,DFW,GS,facility constraint,3,6,1,8.955094381038599,1.0,0.7833333333333333,886
2033,DFW,GS,facility constraint,8,11,6,8.955094381038599,1.0,0.7833333333333333,921
2034,DFW,GS,facility constraint,8,11,6,8.955094381038599,1.0,0.7833333333333333,921
2035,DFW,GS,facility constraint,8,11,6,8.955094381038599,1.0,0.7833333333333333,921
2036,DFW,GDP,facility constraint,6,9,4,8.955094381038599,1.0,0.7833333333333333,917
2037,DFW,GS,facility constraint,6,9,4,8.955094381038599,1.0,0.7833333333333333,917
2038,DFW,GS,facility constraint,1,-2,1,6.603825176945827,0.6,0.3773584905660377,812
2039,DFW,GS,facility constraint,-6,-6,2,7.677874044942967,1.0,0.3773584905660377,817
2040,EWR,GDP,runway or surface constraint,13,6,3,10.140694625352781,0.8823529411764706,0.0476190476190476,286
2041,ORD,GS,weather constraint,4,3,4,4.510156665688519,0.3392857142857143,0.0357142857142857,915
2042,ORD,GS,weather constraint,4,3,4,4.510156665688519,0.3392857142857143,0.0357142857142857,915
2043,ORD,GDP,weather constraint,3,2,3,4.510156665688519,0.3392857142857143,0.0357142857142857,954
2044,SFO,GDP,weather constraint,3,15,-2,3.267905015086627,0.1785714285714285,0.0,420
2045,ORD,GS,demand constraint,3,3,5,4.124546375715159,0.2923076923076923,0.0181818181818181,1062
2046,DFW,GS,weather constraint,16,3,12,6.943520812971006,0.6896551724137931,0.125,1003
2047,DFW,GS,weather constraint,16,3,12,6.943520812971006,0.6896551724137931,0.125,1003
2048,ORD,GS,weather constraint,2,2,4,4.124546375715159,0.2923076923076923,0.0181818181818181,1100
2049,DFW,GS,facility constraint,12,-1,8,6.943520812971006,0.6896551724137931,0.125,988
2050,DFW,GS,facility constraint,11,-2,7,6.943520812971006,0.6896551724137931,0.125,950
2051,DFW,GS,weather constraint,4,1,0,6.943520812971006,0.3888888888888889,0.125,884
2052,DFW,GS,weather constraint,3,0,-1,6.943520812971006,0.3888888888888889,0.125,871
2053,DFW,GS,weather constraint,2,-1,-2,6.943520812971006,0.3888888888888889,0.125,865
2054,DFW,GS,weather constraint,2,-1,-2,6.943520812971006,0.3888888888888889,0.125,865
2055,DFW,GS,weather constraint,14,1,10,6.943520812971006,0.6896551724137931,0.125,991
2056,DEN,GDP,weather constraint,7,3,-5,6.723627368088552,0.8059701492537313,0.0344827586206896,1014
2057,DEN,GDP,facility constraint,5,1,-6,6.723627368088552,0.8059701492537313,0.0,1004
2058,DEN,GS,weather constraint,6,2,-6,6.723627368088552,0.8059701492537313,0.0344827586206896,945
2059,DEN,GS,weather constraint,5,1,-6,6.723627368088552,0.8059701492537313,0.0,1004
2060,DEN,GS,weather constraint,5,1,-6,6.723627368088552,0.8059701492537313,0.0,1004
2061,EWR,GS,weather constraint,4,1,3,6.30944326601278,0.5263157894736842,0.0555555555555555,345
2062,DEN,GS,facility constraint,4,0,-6,6.723627368088552,0.8059701492537313,0.0,927
2063,DEN,GDP,facility constraint,3,-1,-6,6.723627368088552,0.8059701492537313,0.0,959
2064,EWR,GDP,weather constraint,6,3,5,6.30944326601278,0.5263157894736842,0.0555555555555555,347
2065,JFK,GDP,weather constraint,5,8,0,5.285367565456484,0.5,0.0714285714285714,289
2066,DFW,GS,weather constraint,2,4,14,2.5881867750351137,0.4545454545454545,0.123076923076923,822
2067,DFW,GS,weather constraint,0,2,12,2.5881867750351137,0.4545454545454545,0.123076923076923,821
2068,DFW,GS,weather constraint,0,2,12,2.5881867750351137,0.4545454545454545,0.123076923076923,821
2069,LGA,GS,weather constraint,7,5,4,6.470936086137598,0.76,0.1111111111111111,433
2070,LGA,GDP,weather constraint,7,5,4,6.470936086137598,0.76,0.1111111111111111,433
2071,EWR,GS,weather constraint,6,2,-4,9.687163112831302,0.9545454545454546,0.1,364
2072,JFK,GS,weather constraint,4,1,10,9.035418305332964,0.7333333333333333,0.125,306
2073,EWR,GS,weather constraint,5,1,-5,9.687163112831302,0.9545454545454546,0.1,368
2074,SFO,GDP,weather constraint,3,17,1,3.716962266628623,1.0,0.0263157894736842,425
2075,EWR,GDP,weather constraint,11,7,1,9.687163112831302,0.9545454545454546,0.1,366
2076,JFK,GDP,weather constraint,10,7,16,9.035418305332964,0.7333333333333333,0.125,312
2077,SFO,GDP,weather constraint,15,13,-2,8.377899290273339,0.3584905660377358,0.0,433
2078,SFO,GDP,weather constraint,18,3,-6,8.4178564001748,0.3584905660377358,0.0,454
2079,SFO,GDP,weather constraint,5,16,-2,8.980296913499393,0.2,0.0,432
2080,LGA,GS,demand constraint,1,9,-6,1.1762979260719697,0.2666666666666666,0.0,429
2081,DEN,GS,weather constraint,6,10,-5,6.017935511475526,1.0,0.0229885057471264,971
2082,DEN,GDP,weather constraint,6,10,-5,6.017935511475526,1.0,0.0229885057471264,971
2083,EWR,GS,facility constraint,1,16,0,1.0649045365369854,0.0588235294117647,0.0416666666666666,249
2084,SFO,GS,weather constraint,13,5,6,10.973540981243449,0.6129032258064516,0.0769230769230769,385
2085,SFO,GDP,weather constraint,11,3,4,10.973540981243449,0.6129032258064516,0.0769230769230769,388
2086,LGA,GS,demand constraint,3,2,-6,2.0533386954481507,0.1428571428571428,0.0,428
2087,LGA,GS,runway or surface constraint,1,0,-6,2.0533386954481507,0.1428571428571428,0.0,429
2088,EWR,GS,demand constraint,11,9,11,8.68694053603089,0.3636363636363636,0.0952380952380952,359
2089,EWR,GDP,demand constraint,10,8,10,8.68694053603089,0.3636363636363636,0.0952380952380952,355
2090,SFO,GDP,weather constraint,3,3,-3,4.6521351788270024,0.3333333333333333,0.0,432
2091,EWR,GS,demand constraint,9,7,9,8.68694053603089,0.3636363636363636,0.0952380952380952,363
2092,DEN,GDP,weather constraint,3,2,-6,3.707360826491073,0.5365853658536586,0.0,878
2093,DEN,GDP,runway or surface constraint,3,2,-6,3.707360826491073,0.5365853658536586,0.0,878
2094,ORD,GS,facility constraint,1,5,14,0.9750001350540363,0.12,0.0204081632653061,1118
2095,DEN,GDP,facility constraint,7,5,18,5.96217138326117,0.4333333333333333,0.02,980
2096,EWR,GDP,facility constraint,7,3,-5,6.56092631922732,0.4782608695652174,0.0666666666666666,365
2097,ORD,GDP,facility constraint,4,1,-6,4.578984876555531,0.3454545454545454,0.0307692307692307,1062
2098,SFO,GS,weather constraint,10,2,1,5.147963987717998,0.25,0.0333333333333333,393
2099,SFO,GDP,weather constraint,10,2,1,5.147963987717998,0.25,0.0333333333333333,393
2100,LGA,GS,facility constraint,6,6,-6,3.354976055868232,0.3846153846153846,0.0,431
2101,LGA,GS,facility constraint,6,6,-6,3.354976055868232,0.3846153846153846,0.0,431
2102,LGA,GS,facility constraint,3,3,-6,3.354976055868232,0.3846153846153846,0.0,432
2103,LGA,GS,weather constraint,1,1,-6,3.354976055868232,0.3846153846153846,0.0,438
2104,SFO,GDP,weather constraint,7,2,4,8.30835881599262,0.1578947368421052,0.0434782608695652,436
2105,LGA,GS,weather constraint,11,8,-5,9.636829945377015,0.5185185185185185,0.0,414
2106,EWR,GDP,facility constraint,9,5,-6,8.188590756145091,0.7391304347826086,0.0,374
2107,LGA,GDP,weather constraint,10,7,-6,9.636829945377015,0.5185185185185185,0.0,432
2108,SFO,GS,weather constraint,18,-6,17,7.063740146990899,0.1875,0.0434782608695652,421
2109,LAX,GS,weather constraint,1,12,-6,1.1491666666666667,0.1428571428571428,0.0,559
2110,ATL,GS,other constraint,1,7,-3,1.0891666666666666,0.6,0.0149253731343283,958
2111,ORD,GS,demand constraint,5,3,2,4.692186364407102,0.2545454545454545,0.010752688172043,1078
2112,ORD,GS,facility constraint,4,2,1,4.692186364407102,0.2545454545454545,0.010752688172043,1105
2113,ORD,GDP,facility constraint,3,1,0,4.692186364407102,0.2545454545454545,0.010752688172043,1105
2114,EWR,GDP,runway or surface constraint,11,6,-6,9.91101528124135,0.9411764705882352,0.0,302
2115,EWR,GS,runway or surface constraint,10,5,-6,9.91101528124135,0.9411764705882352,0.0,313
2116,EWR,GDP,weather constraint,10,7,0,11.501239169980456,0.8421052631578947,0.0588235294117647,366
2117,LAX,GS,facility constraint,1,18,-2,1.10030462080217,0.3333333333333333,0.25,560
2118,LGA,GDP,weather constraint,11,9,8,9.432700195686882,0.8333333333333334,0.1481481481481481,388
2119,JFK,GDP,weather constraint,11,8,7,9.176131587077446,0.7857142857142857,0.1176470588235294,318
2120,JFK,GS,weather constraint,8,5,4,9.176131587077446,0.7857142857142857,0.1176470588235294,309
2121,JFK,GS,weather constraint,5,2,1,9.176131587077446,0.7857142857142857,0.1176470588235294,310
2122,JFK,GDP,weather constraint,11,8,7,9.176131587077446,0.7857142857142857,0.1176470588235294,318
2123,LGA,GS,weather constraint,16,6,13,14.621222407797788,0.9642857142857144,0.4444444444444444,414
2124,LGA,GDP,weather constraint,15,5,12,14.621222407797788,0.9642857142857144,0.4444444444444444,414
2125,LGA,GS,weather constraint,14,4,11,14.621222407797788,0.9642857142857144,0.4444444444444444,414
2126,LGA,GDP,weather constraint,15,5,12,14.621222407797788,0.9642857142857144,0.4444444444444444,414
2127,EWR,GDP,weather constraint,10,8,1,11.842947864426487,0.7391304347826086,0.0555555555555555,357
2128,SFO,GDP,weather constraint,13,15,14,10.013228175010797,1.0,0.0909090909090909,438
2129,JFK,GS,weather constraint,11,6,9,11.571061243257295,0.8333333333333334,0.15,323
2130,JFK,GDP,weather constraint,10,5,8,11.571061243257295,0.8333333333333334,0.15,310
2131,SFO,GS,weather constraint,3,5,4,10.013228175010797,1.0,0.0909090909090909,438
2132,SFO,GS,weather constraint,7,9,8,10.013228175010797,1.0,0.0909090909090909,449
2133,SFO,GDP,weather constraint,4,16,2,9.647925995046409,0.4,0.05,391
2134,LGA,GDP,weather constraint,9,9,-1,13.519133998434299,0.55,0.0384615384615384,428
2135,EWR,GS,demand constraint,9,12,6,11.207431321999406,0.3333333333333333,0.0434782608695652,347
2136,SFO,GDP,weather constraint,13,15,14,10.013228175010797,1.0,0.0909090909090909,438
2137,JFK,GDP,runway or surface constraint,8,5,-4,11.121971601980071,0.5833333333333334,0.0769230769230769,298
2138,EWR,GDP,demand constraint,8,11,5,11.207431321999406,0.3333333333333333,0.0434782608695652,358
2139,SFO,GDP,weather constraint,6,4,5,7.691463835758949,0.3,0.0625,393
2140,DEN,GS,weather constraint,13,17,-6,5.873647724107831,0.5,0.0,872
2141,DEN,GS,weather constraint,13,17,-6,5.873647724107831,0.5,0.0,872
2142,DEN,GS,weather constraint,13,17,-6,5.873647724107831,0.5,0.0,872
2143,LGA,GS,demand constraint,-6,6,-5,7.689684665807252,0.1818181818181818,0.0833333333333333,436
2144,DEN,GDP,weather constraint,18,8,-6,5.932462281186263,0.5,0.0,980
2145,DEN,GS,weather constraint,3,2,-4,5.932462281186263,0.1538461538461538,0.0,970
2146,DEN,GS,weather constraint,2,1,-5,5.932462281186263,0.1538461538461538,0.0,970
2147,LGA,GS,demand constraint,-4,1,-6,6.214993597333406,0.1818181818181818,0.0,435
2148,DEN,GS,runway or surface constraint,1,0,-6,5.932462281186263,0.1538461538461538,0.0,971
2149,EWR,GDP,weather constraint,8,16,-6,8.286087797774519,0.1666666666666666,0.0,370
2150,LGA,GS,demand constraint,1,-3,-6,3.16605524130512,0.2083333333333333,0.0,441
2151,LGA,GS,demand constraint,2,2,-6,3.4345254886786023,0.1666666666666666,0.0,396
2152,LGA,GS,demand constraint,2,2,-6,3.4345254886786023,0.1666666666666666,0.0,396
2153,ORD,GS,weather constraint,15,15,15,3.9512840938964184,0.4081632653061224,0.0204081632653061,1102
2154,LGA,GS,demand constraint,1,1,-6,3.4345254886786023,0.1666666666666666,0.0,387
2155,ORD,GS,facility constraint,4,4,6,7.295975385212874,0.64,0.0476190476190476,1021
2156,ORD,GDP,facility constraint,3,3,5,7.295975385212874,0.64,0.0476190476190476,1030
2157,ORD,GS,weather constraint,16,16,18,7.295975385212874,0.64,0.0476190476190476,981
2158,ORD,GS,weather constraint,16,16,18,7.295975385212874,0.64,0.0476190476190476,981
2159,ORD,GS,weather constraint,14,14,16,7.295975385212874,0.64,0.0476190476190476,953
2160,ORD,GS,weather constraint,14,14,16,7.295975385212874,0.64,0.0476190476190476,953
2161,DFW,GDP,other constraint,8,1,7,8.16825773236285,0.8,0.5079365079365079,894
2162,DFW,GS,weather constraint,9,2,8,8.16825773236285,0.8,0.5079365079365079,842
2163,DFW,GS,weather constraint,10,3,9,8.16825773236285,0.8,0.5079365079365079,838
2164,DFW,GS,weather constraint,10,3,9,8.16825773236285,0.8,0.5079365079365079,838
2165,DFW,GDP,weather constraint,8,1,7,8.16825773236285,0.8,0.5079365079365079,894
2166,ORD,GS,weather constraint,6,6,8,7.295975385212874,0.64,0.0476190476190476,1038
2167,DFW,GS,weather constraint,6,-1,5,8.16825773236285,0.8,0.5079365079365079,884
2168,ORD,GS,weather constraint,5,5,7,7.295975385212874,0.64,0.0476190476190476,989
2169,ORD,GS,facility constraint,2,2,4,7.295975385212874,0.64,0.0476190476190476,1036
2170,EWR,GDP,demand constraint,8,6,2,7.341367175574861,0.3684210526315789,0.0526315789473684,368
2171,ORD,GDP,facility constraint,6,5,15,7.387904616220608,0.6,0.0188679245283018,1114
2172,CLT,GS,weather constraint,1,2,1,1.01,0.3333333333333333,0.0151515151515151,598
2173,JFK,GS,facility constraint,10,3,-6,8.464195190845937,0.5,0.0,321
2174,JFK,GS,weather constraint,9,2,-6,8.464195190845937,0.5,0.0,308
2175,DEN,GDP,runway or surface constraint,4,6,-2,4.033533448305773,0.2,0.0161290322580645,1039
2176,JFK,GS,weather constraint,9,2,-6,8.464195190845937,0.5,0.0,308
2177,EWR,GS,demand constraint,6,15,2,8.125988653237325,0.1428571428571428,0.0454545454545454,372
2178,JFK,GDP,weather constraint,8,1,-6,8.464195190845937,0.5,0.0,302
2179,EWR,GDP,demand constraint,6,15,2,8.125988653237325,0.1428571428571428,0.0454545454545454,372
2180,DEN,GS,runway or surface constraint,2,4,-4,4.033533448305773,0.2,0.0161290322580645,1030
2181,JFK,GS,demand constraint,-6,1,-6,5.910863183185071,0.1875,0.0,297
2182,EWR,GDP,facility constraint,4,10,-6,6.241822755861981,0.125,0.0,357
2183,ORD,GS,facility constraint,4,2,-6,4.47258133528478,0.2363636363636363,0.0178571428571428,1051
2184,ORD,GDP,facility constraint,3,1,2,4.47258133528478,0.2363636363636363,0.0172413793103448,1061
2185,SFO,GDP,weather constraint,4,6,12,4.3056301738947065,0.1538461538461538,0.03125,395
2186,ORD,GS,weather constraint,1,4,2,2.43453009458793,0.1818181818181818,0.0166666666666666,1087
2187,SFO,GDP,weather constraint,5,2,14,6.492499103457138,0.4210526315789473,0.1875,437
2188,SFO,GS,weather constraint,4,1,13,6.492499103457138,0.4210526315789473,0.1875,437
2189,EWR,GDP,demand constraint,7,7,10,7.304578743517339,0.25,0.1428571428571428,370
2190,ORD,GS,runway or surface constraint,1,9,18,2.00542653925028,0.1363636363636363,0.0833333333333333,1067
2191,SFO,GDP,weather constraint,5,2,14,6.492499103457138,0.4210526315789473,0.1875,437
2192,DEN,GDP,runway or surface constraint,3,7,1,3.7989050844375547,0.1481481481481481,0.0222222222222222,1055
2193,EWR,GS,facility constraint,5,5,8,7.304578743517339,0.25,0.1428571428571428,370
2194,LGA,GS,facility constraint,1,2,5,1.7022404863382068,0.1666666666666666,0.05,436
2195,EWR,GS,facility constraint,5,5,8,7.304578743517339,0.25,0.1428571428571428,370
2196,LGA,GS,facility constraint,1,2,5,1.7022404863382068,0.1666666666666666,0.05,436
2197,SFO,GDP,weather constraint,15,13,15,8.904610249042438,0.3170731707317073,0.0625,439
2198,EWR,GS,demand constraint,10,5,4,10.334176997684038,0.2272727272727272,0.0555555555555555,358
2199,EWR,GDP,demand constraint,9,4,3,10.334176997684038,0.2272727272727272,0.0555555555555555,367
2200,SFO,GDP,weather constraint,4,2,4,8.904610249042438,0.3170731707317073,0.0625,443
2201,SFO,GS,weather constraint,4,2,4,8.904610249042438,0.3170731707317073,0.0625,443
2202,SFO,GDP,weather constraint,3,1,3,8.904610249042438,0.3170731707317073,0.0625,440
2203,DFW,GS,weather constraint,15,14,17,6.375455318566318,0.5967741935483871,0.2,837
2204,SFO,GDP,weather constraint,4,6,2,8.375199196868808,0.25,0.0526315789473684,369
2205,ORD,GS,facility constraint,4,12,-4,3.9561166621485433,0.25,0.0476190476190476,907
2206,EWR,GDP,facility constraint,8,3,9,10.222915195720768,0.1875,0.0588235294117647,315
2207,ORD,GDP,facility constraint,3,11,-5,3.9561166621485433,0.25,0.0476190476190476,916
2208,DFW,GDP,other constraint,17,3,12,6.577957744254899,0.5967741935483871,0.3,912
2209,DFW,GS,weather constraint,6,5,14,6.375455318566318,0.5967741935483871,0.3,887
2210,DFW,GS,weather constraint,18,4,13,6.577957744254899,0.5967741935483871,0.3,868
2211,DFW,GDP,weather constraint,17,3,12,6.577957744254899,0.5967741935483871,0.3,912
2212,DFW,GS,facility constraint,4,-6,-1,6.577957744254899,0.4,0.3,937
2213,DFW,GS,facility constraint,4,-6,-1,6.577957744254899,0.4,0.3,937
2214,DFW,GS,facility constraint,2,2,-3,6.577957744254899,0.3684210526315789,0.3,932
2215,EWR,GDP,facility constraint,11,6,12,11.752044645934285,0.8235294117647058,0.5,380
2216,DFW,GS,weather constraint,0,0,-5,6.577957744254899,0.3684210526315789,0.3,935
2217,LAX,GS,facility constraint,2,15,3,1.9463750325155815,0.3214285714285714,0.0555555555555555,561
2218,LAX,GS,facility constraint,1,14,2,1.9463750325155815,0.3214285714285714,0.0555555555555555,561
2219,SFO,GDP,weather constraint,8,5,5,8.859202778335455,0.40625,0.03125,444
2220,ORD,GDP,facility constraint,3,7,15,4.285543774192074,0.5,0.0120481927710843,1105
2221,EWR,GDP,facility constraint,6,8,-6,9.396355006699933,0.5,0.0,374
2222,DEN,GS,weather constraint,3,10,4,5.448400149546336,1.0,0.02,933
2223,DEN,GS,weather constraint,3,10,4,5.448400149546336,1.0,0.02,933
2224,ATL,GS,demand constraint,1,-6,17,1.1491666682275328,0.4,0.0476190476190476,955
2225,LAX,GDP,facility constraint,4,-2,-3,5.020623515767602,0.5,0.25,555
2226,DEN,GS,weather constraint,12,11,13,5.448400149546336,0.4875,0.02,931
2227,LGA,GS,demand constraint,1,10,5,1.1459907560148364,0.3,0.04,418
2228,DFW,GDP,facility constraint,6,7,-6,7.152783047032623,0.2727272727272727,0.0,962
2229,DEN,GDP,runway or surface constraint,5,12,6,5.448400149546336,1.0,0.02,946
2230,EWR,GS,demand constraint,7,9,-6,9.396355006699933,0.5,0.0,381
2231,ATL,GS,facility constraint,1,14,-3,1.5596001848788088,0.125,0.0,803
2232,EWR,GDP,weather constraint,10,7,-6,11.350964018551185,0.4782608695652174,0.0,368
2233,EWR,GS,demand constraint,9,6,-6,11.350964018551185,0.4782608695652174,0.0,368
2234,LGA,GS,demand constraint,8,6,-6,6.916295717612418,0.1851851851851851,0.0,433
2235,LGA,GS,weather constraint,6,4,-6,6.916295717612418,0.1851851851851851,0.0,439
2236,LGA,GDP,weather constraint,6,4,-6,6.916295717612418,0.1851851851851851,0.0,439
2237,LGA,GS,weather constraint,9,7,-6,10.017572830361088,0.1481481481481481,0.0,435
2238,LGA,GDP,weather constraint,9,7,-6,10.017572830361088,0.1481481481481481,0.0,435
2239,EWR,GS,facility constraint,7,5,-6,10.203721453953417,0.217391304347826,0.0,359
2240,EWR,GDP,facility constraint,7,5,-6,10.203721453953417,0.217391304347826,0.0,359
2241,EWR,GS,other constraint,11,12,4,12.422043975857816,1.0,0.52,375
2242,EWR,GS,weather constraint,11,12,4,12.422043975857816,1.0,0.52,375
2243,JFK,GDP,weather constraint,11,11,4,9.580103328870528,0.7857142857142857,0.631578947368421,299
2244,LGA,GS,weather constraint,11,9,8,13.976236878095424,0.52,0.7777777777777778,420
2245,JFK,GS,weather constraint,9,9,2,9.580103328870528,0.7857142857142857,0.631578947368421,301
2246,DFW,GDP,facility constraint,4,5,3,4.6857779717143435,0.1818181818181818,0.0975609756097561,1008
2247,LGA,GS,weather constraint,9,7,6,13.976236878095424,0.52,0.7777777777777778,438
2248,EWR,GS,weather constraint,11,12,4,12.422043975857816,1.0,0.52,375
2249,JFK,GS,weather constraint,8,8,1,9.580103328870528,0.7857142857142857,0.631578947368421,300
2250,LGA,GS,weather constraint,8,6,5,13.976236878095424,0.52,0.7777777777777778,447
2251,EWR,GS,weather constraint,9,10,2,12.422043975857816,1.0,0.52,368
2252,JFK,GS,weather constraint,8,8,1,9.580103328870528,0.7857142857142857,0.631578947368421,300
2253,LGA,GS,weather constraint,8,6,5,13.976236878095424,0.52,0.7777777777777778,447
2254,EWR,GDP,weather constraint,12,13,5,12.422043975857816,1.0,0.52,366
2255,LGA,GDP,weather constraint,15,13,12,13.976236878095424,0.52,0.7777777777777778,420
2256,SFO,GDP,weather constraint,4,6,4,6.517056708528604,0.5,0.1111111111111111,432
2257,LGA,GDP,weather constraint,15,13,12,13.976236878095424,0.52,0.7777777777777778,420
2258,SFO,GDP,weather constraint,15,17,15,6.517056708528604,0.5,0.1111111111111111,425
2259,LGA,GS,weather constraint,12,10,9,13.976236878095424,0.52,0.7777777777777778,420
2260,JFK,GS,weather constraint,12,12,5,9.580103328870528,0.7857142857142857,0.631578947368421,287
2261,EWR,GS,weather constraint,12,13,5,12.422043975857816,1.0,0.52,366
2262,LGA,GS,weather constraint,11,9,8,13.976236878095424,0.52,0.7777777777777778,420
2263,JFK,GS,other constraint,11,11,4,9.580103328870528,0.7857142857142857,0.631578947368421,299
2264,LGA,GS,weather constraint,11,9,8,13.976236878095424,0.52,0.7777777777777778,420
2265,EWR,GS,weather constraint,4,5,-3,12.422043975857816,1.0,0.52,378
2266,JFK,GDP,weather constraint,0,0,3,6.657844348635034,0.3684210526315789,0.3636363636363636,202
2267,LGA,GDP,facility constraint,-6,4,6,9.970458393557912,0.68,0.3333333333333333,328
2268,JFK,GS,facility constraint,2,2,5,6.657844348635034,0.3684210526315789,0.3636363636363636,201
2269,JFK,GS,facility constraint,1,1,4,6.657844348635034,0.3684210526315789,0.3636363636363636,199
2270,JFK,GDP,facility constraint,0,0,3,6.657844348635034,0.3684210526315789,0.3636363636363636,202
2271,JFK,GS,facility constraint,2,2,-5,9.580103328870528,0.7857142857142857,0.631578947368421,308
2272,LGA,GS,facility constraint,-3,1,3,8.636703110918383,0.68,0.3333333333333333,320
2273,LGA,GS,facility constraint,-4,0,2,8.636703110918383,0.68,0.3333333333333333,307
2274,SFO,GDP,facility constraint,18,18,12,4.952001853183215,0.4705882352941176,0.0555555555555555,224
2275,EWR,GS,weather constraint,4,5,-3,12.422043975857816,1.0,0.52,378
2276,EWR,GS,facility constraint,2,3,-5,12.422043975857816,1.0,0.52,370
2277,JFK,GS,facility constraint,3,3,-4,9.580103328870528,0.7857142857142857,0.631578947368421,307
2278,EWR,GDP,facility constraint,-6,17,-3,8.6747766020582,1.0,0.2083333333333333,263
2279,LGA,GS,weather constraint,-5,5,7,9.970458393557912,0.68,0.3333333333333333,326
2280,EWR,GS,weather constraint,4,5,-3,12.422043975857816,1.0,0.52,378
2281,LGA,GDP,weather constraint,-6,4,6,9.970458393557912,0.68,0.3333333333333333,328
2282,DFW,GDP,facility constraint,3,3,17,5.289004499805394,0.1025641025641025,0.0363636363636363,726
2283,ATL,GDP,facility constraint,5,2,-6,4.899857157871192,0.75,0.0217391304347826,744
2284,EWR,GS,facility constraint,18,6,13,12.692293675808543,0.75,0.3043478260869565,355
2285,EWR,GDP,facility constraint,17,5,12,12.692293675808543,0.75,0.3043478260869565,355
2286,SFO,GDP,facility constraint,7,17,2,6.447244303570768,0.5,0.0666666666666666,418
2287,EWR,GDP,facility constraint,17,5,12,12.692293675808543,0.75,0.3043478260869565,355
2288,LAX,GDP,facility constraint,7,5,8,6.73327265435118,0.4571428571428571,0.0909090909090909,551
2289,ORD,GS,demand constraint,1,7,3,0.8934044838321858,0.2777777777777778,0.0204081632653061,1042
2290,LGA,GS,demand constraint,1,0,5,1.5743279305064606,0.1428571428571428,0.0416666666666666,444
2291,LAX,GDP,facility constraint,7,5,8,6.73327265435118,0.4571428571428571,0.0909090909090909,551
2292,EWR,GS,facility constraint,4,-2,-1,12.692293675808543,0.7222222222222222,0.3043478260869565,384
2293,DFW,GDP,facility constraint,3,-3,-6,3.806095437686828,0.1428571428571428,0.0,904
2294,LGA,GS,demand constraint,5,-3,14,10.827245367048205,0.8,0.1176470588235294,442
2295,EWR,GS,facility constraint,-6,-4,8,6.69450043516961,0.1428571428571428,0.1111111111111111,385
2296,LGA,GS,weather constraint,14,6,10,10.827245367048205,0.8,0.0588235294117647,418
2297,LGA,GDP,weather constraint,14,6,10,10.827245367048205,0.8,0.0588235294117647,418
2298,EWR,GDP,weather constraint,9,7,-6,9.658338180985304,0.3333333333333333,0.0,378
2299,LGA,GS,weather constraint,10,2,6,10.827245367048205,0.8,0.0588235294117647,437
2300,LGA,GS,weather constraint,8,0,17,10.827245367048205,0.8,0.1176470588235294,443
2301,SFO,GDP,weather constraint,18,17,17,7.922123901151208,0.631578947368421,0.0526315789473684,397
2302,LGA,GDP,demand constraint,14,6,10,10.827245367048205,0.8,0.0588235294117647,418
2303,SFO,GDP,weather constraint,16,7,12,12.751862765408232,0.8125,0.1111111111111111,385
2304,EWR,GDP,facility constraint,11,13,-4,11.570853839032182,1.0,0.0526315789473684,359
2305,LGA,GS,demand constraint,-6,18,-5,7.183015791079622,0.1052631578947368,0.1176470588235294,436
2306,LGA,GS,demand constraint,4,-4,13,10.827245367048205,0.8,0.1176470588235294,442
2307,SFO,GS,weather constraint,11,2,7,12.751862765408232,0.8125,0.1111111111111111,385
2308,SFO,GDP,weather constraint,16,7,12,12.751862765408232,0.8125,0.1111111111111111,385
2309,EWR,GS,facility constraint,8,8,3,14.523370236110246,1.0,0.1818181818181818,379
2310,LGA,GS,facility constraint,6,-1,17,12.391036020749803,0.5,0.0769230769230769,443
2311,EWR,GDP,facility constraint,15,15,10,14.523370236110246,1.0,0.1818181818181818,365
2312,LGA,GS,weather constraint,16,9,12,12.391036020749803,0.5,0.0588235294117647,419
2313,SFO,GDP,weather constraint,4,14,17,10.850155818522339,0.2,0.5,417
2314,LGA,GDP,weather constraint,15,8,11,12.391036020749803,0.5,0.0588235294117647,419
2315,EWR,GS,runway or surface constraint,16,16,11,14.523370236110246,1.0,0.1818181818181818,364
2316,EWR,GDP,weather constraint,15,15,10,14.523370236110246,1.0,0.1818181818181818,365
2317,LGA,GS,weather constraint,10,3,6,12.391036020749803,0.5,0.0588235294117647,438
2318,EWR,GS,facility constraint,11,11,6,14.523370236110246,1.0,0.1818181818181818,384
2319,LGA,GDP,weather constraint,15,8,11,12.391036020749803,0.5,0.0588235294117647,419
2320,ORD,GDP,facility constraint,8,5,18,7.0511699459726245,0.8269230769230769,0.0606060606060606,1050
2321,EWR,GDP,facility constraint,15,15,10,14.523370236110246,1.0,0.1818181818181818,365
2322,ORD,GDP,facility constraint,6,3,-5,7.930331474978432,0.4,0.0980392156862745,1024
2323,SFO,GDP,facility constraint,18,6,17,10.059503629068065,0.5,0.12,425
2324,DFW,GS,facility constraint,1,6,16,1.3089035170763428,0.3,0.1142857142857142,939
2325,SFO,GS,facility constraint,15,18,-6,8.69053694272332,0.5,0.5,421
2326,SFO,GDP,facility constraint,15,18,-6,8.69053694272332,0.5,0.5,421
2327,EWR,GDP,demand constraint,7,2,0,11.57217983507795,0.3333333333333333,0.1363636363636363,382
2328,LGA,GS,facility constraint,9,12,11,8.85393454833997,0.6363636363636364,0.25,258
2329,EWR,GDP,facility constraint,18,5,17,15.349954776442424,0.75,0.5789473684210527,297
2330,JFK,GS,facility constraint,13,8,9,10.246669464762022,0.7333333333333333,0.3888888888888889,285
2331,JFK,GS,facility constraint,12,7,8,10.246669464762022,0.7333333333333333,0.3888888888888889,288
2332,SFO,GDP,facility constraint,15,7,12,13.718341363183853,0.5454545454545454,0.1428571428571428,364
2333,LGA,GDP,facility constraint,8,11,10,8.85393454833997,0.6363636363636364,0.25,258
2334,JFK,GDP,facility constraint,11,6,7,10.246669464762022,0.7333333333333333,0.3888888888888889,295
2335,ORD,GS,facility constraint,10,8,3,8.061033243216857,0.5217391304347826,0.1228070175438596,902
2336,DFW,GDP,facility constraint,5,7,9,6.171031909797884,0.3636363636363636,0.1666666666666666,840
2337,ORD,GS,facility constraint,10,8,3,8.061033243216857,0.5217391304347826,0.1228070175438596,902
2338,EWR,GDP,facility constraint,18,5,17,15.349954776442424,0.75,0.5789473684210527,297
2339,ORD,GDP,facility constraint,5,3,18,8.061033243216857,0.5217391304347826,0.2222222222222222,942
2340,ATL,GDP,facility constraint,13,6,3,8.206598434245876,0.7,0.4693877551020408,822
2341,ATL,GS,weather constraint,15,8,5,8.206598434245876,0.7,0.4693877551020408,842
2342,SFO,GDP,facility constraint,15,7,12,13.718341363183853,0.5454545454545454,0.1428571428571428,364
2343,EWR,GS,facility constraint,9,-4,8,15.349954776442424,0.75,0.5789473684210527,302
2344,ATL,GDP,facility constraint,14,7,4,8.206598434245876,0.7,0.4693877551020408,821
2345,EWR,GDP,facility constraint,18,5,17,15.349954776442424,0.75,0.5789473684210527,297
2346,DFW,GDP,facility constraint,5,7,9,6.171031909797884,0.3636363636363636,0.1666666666666666,840
2347,EWR,GDP,facility constraint,18,5,17,15.349954776442424,0.75,0.5789473684210527,297
2348,CLT,GDP,facility constraint,7,3,6,6.73159137424663,0.8,0.3703703703703703,470
2349,CLT,GS,facility constraint,7,3,6,6.73159137424663,0.8,0.3703703703703703,470
2350,JFK,GS,weather constraint,16,11,12,10.246669464762022,0.7333333333333333,0.3888888888888889,286
2351,CLT,GS,facility constraint,7,3,6,6.73159137424663,0.8,0.3703703703703703,470
2352,DFW,GS,facility constraint,13,15,17,6.171031909797884,0.3636363636363636,0.1666666666666666,782
2353,CLT,GS,facility constraint,7,3,6,6.73159137424663,0.8,0.3703703703703703,470
2354,DFW,GS,facility constraint,13,15,17,6.171031909797884,0.3636363636363636,0.1666666666666666,782
2355,SFO,GDP,weather constraint,15,7,12,13.718341363183853,0.5454545454545454,0.1428571428571428,364
2356,DFW,GDP,facility constraint,8,7,11,9.090125046021193,0.4074074074074074,0.4,959
2357,ORD,GDP,facility constraint,17,9,14,14.05707899382575,0.5833333333333334,0.6666666666666666,1011
2358,LGA,GS,facility constraint,10,2,7,11.838862010296166,0.6666666666666666,0.7,426
2359,JFK,GDP,facility constraint,10,9,-5,11.466317423221664,0.9,0.3076923076923077,307
2360,EWR,GDP,facility constraint,18,-6,17,17.565836680810275,0.6666666666666666,0.7272727272727273,361
2361,LGA,GDP,facility constraint,12,4,9,11.838862010296166,0.6666666666666666,0.7,405
2362,LGA,GS,facility constraint,7,-1,4,11.838862010296166,0.6666666666666666,0.7,447
2363,JFK,GS,facility constraint,8,7,6,11.466317423221664,0.9,0.238095238095238,308
2364,EWR,GS,facility constraint,8,8,11,17.68754484676976,1.0,1.0,377
2365,JFK,GS,facility constraint,7,6,18,11.466317423221664,0.9,0.3076923076923077,307
2366,ATL,GDP,other constraint,1,4,12,5.545276163160764,0.4,0.3026315789473684,1018
2367,EWR,GS,facility constraint,18,-6,17,17.565836680810275,0.6666666666666666,0.7272727272727273,361
2368,ORD,GDP,weather constraint,17,9,14,14.05707899382575,0.5833333333333334,0.6666666666666666,1011
2369,EWR,GDP,facility constraint,18,-6,17,17.565836680810275,0.6666666666666666,0.7272727272727273,361
2370,ORD,GDP,runway or surface constraint,17,9,14,14.05707899382575,0.5833333333333334,0.6666666666666666,1011
2371,DFW,GDP,facility constraint,8,7,11,9.090125046021193,0.4074074074074074,0.4,959
2372,ORD,GDP,facility constraint,17,15,14,16.160226411295856,0.6363636363636364,0.6363636363636364,1023
2373,LGA,GS,weather constraint,10,6,7,13.052267961125384,0.8529411764705882,0.3666666666666666,447
2374,LGA,GDP,weather constraint,9,5,6,13.052267961125384,0.8529411764705882,0.3666666666666666,442
2375,ORD,GS,facility constraint,10,8,7,16.160226411295856,0.6363636363636364,0.6363636363636364,1066
2376,EWR,GDP,demand constraint,7,6,-6,12.474846634374824,0.6190476190476191,0.25,377
2377,ORD,GDP,facility constraint,17,15,14,16.160226411295856,0.6363636363636364,0.6363636363636364,1023
2378,LGA,GS,facility constraint,5,1,2,13.052267961125384,0.8529411764705882,0.3666666666666666,452
2379,JFK,GS,facility constraint,6,5,17,11.466317423221664,0.9,0.3076923076923077,306
2380,LGA,GS,weather constraint,2,-6,-1,11.838862010296166,0.6666666666666666,0.7,448
2381,ORD,GDP,facility constraint,17,15,14,16.160226411295856,0.6363636363636364,0.6363636363636364,1023
2382,LGA,GS,facility constraint,4,-4,1,11.838862010296166,0.6666666666666666,0.7,453
2383,DFW,GS,facility constraint,-6,-6,-6,7.403963663265797,0.3333333333333333,0.3333333333333333,847
2384,EWR,GS,facility constraint,6,5,2,12.474846634374824,0.6190476190476191,0.217391304347826,374
2385,EWR,GDP,facility constraint,7,6,-6,12.474846634374824,0.6190476190476191,0.25,377
2386,JFK,GS,demand constraint,-6,5,0,5.591836109901659,0.5,0.3125,309
2387,SFO,GDP,facility constraint,4,6,11,5.415201112441431,0.5,1.0,428
2388,LGA,GS,weather constraint,15,10,-1,14.862971678450416,0.7272727272727273,0.3333333333333333,424
2389,LGA,GDP,weather constraint,14,9,-2,14.862971678450416,0.7272727272727273,0.3333333333333333,424
2390,LGA,GS,weather constraint,7,2,3,14.862971678450416,0.7272727272727273,0.2058823529411764,448
2391,LGA,GDP,facility constraint,9,5,6,13.052267961125384,0.8529411764705882,0.3666666666666666,442
2392,SFO,GS,weather constraint,12,9,1,9.90799862193433,0.5483870967741935,0.1578947368421052,384
2393,SFO,GDP,weather constraint,11,8,0,9.90799862193433,0.5483870967741935,0.1578947368421052,384
2394,EWR,GDP,facility constraint,3,2,3,4.505022788530129,0.16,0.1428571428571428,368
2395,SFO,GDP,weather constraint,16,7,3,14.530620146384955,0.7058823529411765,0.2,421
2396,LGA,GS,weather constraint,11,9,-1,10.459979397259008,0.68,0.0833333333333333,426
2397,SFO,GS,weather constraint,14,5,1,14.530620146384955,0.7058823529411765,0.2,420
2398,LGA,GDP,weather constraint,11,9,-1,10.459979397259008,0.68,0.0833333333333333,426
2399,EWR,GDP,facility constraint,4,8,4,5.415878666980181,1.0,0.3,377
2400,ORD,GS,demand constraint,1,2,-1,1.4335726945486167,0.0666666666666666,0.1029411764705882,1100
2401,EWR,GS,facility constraint,3,7,3,5.415878666980181,1.0,0.3,379
2402,LGA,GS,weather constraint,5,3,-6,10.459979397259008,0.68,0.074074074074074,453
2403,SFO,GS,weather constraint,4,1,-6,8.905924956795003,0.2068965517241379,0.0833333333333333,439
2404,SFO,GDP,weather constraint,3,0,15,8.905924956795003,0.2068965517241379,0.0833333333333333,426
2405,LGA,GDP,weather constraint,10,6,18,8.884391816857107,0.9117647058823528,0.0476190476190476,426
2406,LGA,GS,weather constraint,7,3,15,8.884391816857107,0.9117647058823528,0.0476190476190476,447
2407,LGA,GDP,weather constraint,10,6,18,8.884391816857107,0.9117647058823528,0.0476190476190476,426
2408,LGA,GDP,weather constraint,12,5,7,12.629537486120315,0.9655172413793104,0.0909090909090909,425
2409,LGA,GS,weather constraint,11,4,6,12.629537486120315,0.9655172413793104,0.0909090909090909,425
2410,LGA,GDP,weather constraint,12,5,7,12.629537486120315,0.9655172413793104,0.0909090909090909,425
2411,SFO,GDP,weather constraint,4,3,13,5.229047399772127,0.55,0.0588235294117647,439
2412,LGA,GS,demand constraint,1,-6,-4,12.629537486120315,0.9655172413793104,0.0909090909090909,453
2413,LGA,GDP,weather constraint,12,5,7,12.629537486120315,0.9655172413793104,0.0909090909090909,425
2414,LGA,GS,demand constraint,-5,7,-5,9.79987086123165,0.1470588235294117,0.0,424
2415,SFO,GDP,weather constraint,3,2,17,5.300391963312973,0.2682926829268293,0.05,426
2416,SFO,GDP,weather constraint,13,16,12,6.056998763803214,1.0,0.03125,384
2417,LGA,GS,demand constraint,3,5,-6,4.222523322243291,0.0909090909090909,0.0,444
2418,LGA,GS,demand constraint,-6,0,-6,8.282972265930283,0.1470588235294117,0.0,450
2419,LGA,GS,demand constraint,0,2,-6,4.222523322243291,0.0909090909090909,0.0,448
2420,DFW,GDP,weather constraint,13,16,12,10.24651441249296,1.0,0.7466666666666667,902
2421,DFW,GS,weather constraint,12,15,11,10.24651441249296,1.0,0.7466666666666667,905
2422,SFO,GDP,weather constraint,3,6,2,6.056998763803214,1.0,0.03125,410
2423,DFW,GS,weather constraint,12,15,11,10.24651441249296,1.0,0.7466666666666667,905
2424,DFW,GS,other constraint,11,14,10,10.24651441249296,1.0,0.7466666666666667,916
2425,DFW,GDP,weather constraint,13,16,12,10.24651441249296,1.0,0.7466666666666667,902
2426,LGA,GS,demand constraint,1,4,8,2.7177946058462013,0.125,0.08,446
2427,EWR,GS,demand constraint,7,13,8,6.715855725857446,1.0,0.0454545454545454,389
2428,EWR,GDP,facility constraint,7,13,8,6.715855725857446,1.0,0.0454545454545454,389
2429,DFW,GS,weather constraint,7,10,6,10.24651441249296,1.0,0.7466666666666667,973
2430,DFW,GS,weather constraint,7,10,6,10.24651441249296,1.0,0.7466666666666667,973
2431,DFW,GS,weather constraint,6,9,5,10.24651441249296,1.0,0.7466666666666667,948
2432,DFW,GS,weather constraint,5,8,4,10.24651441249296,1.0,0.7466666666666667,993
2433,SFO,GS,weather constraint,1,2,4,3.3713089486212935,0.1428571428571428,0.0714285714285714,434
2434,EWR,GDP,demand constraint,8,8,0,9.355967966500886,0.2857142857142857,0.0454545454545454,384
2435,EWR,GDP,demand constraint,4,4,-4,9.355967966500886,0.2857142857142857,0.0454545454545454,370
2436,SFO,GS,weather constraint,1,18,11,1.6572596443542962,0.2,1.0,436
2437,DFW,GS,weather constraint,8,4,-1,7.513187949567887,0.5666666666666667,0.6666666666666666,884
2438,DFW,GDP,weather constraint,7,3,-2,7.513187949567887,0.5666666666666667,0.6666666666666666,869
2439,DFW,GS,facility constraint,1,-3,-5,7.513187949567887,0.5666666666666667,0.234375,870
2440,ATL,GS,weather constraint,2,17,7,2.602500028648662,0.3333333333333333,0.046875,913
2441,DFW,GS,facility constraint,-4,-3,-6,7.513187949567887,0.5483870967741935,0.0853658536585365,930
2442,ATL,GS,weather constraint,2,17,7,2.602500028648662,0.3333333333333333,0.046875,913
2443,DFW,GDP,facility constraint,3,3,6,5.578928134585983,0.1891891891891892,0.0555555555555555,998
2444,LGA,GS,weather constraint,1,1,-6,1.903803268265598,0.2121212121212121,0.0,416
2445,JFK,GS,weather constraint,2,3,-6,1.901250013289793,0.3333333333333333,0.0,315
2446,ORD,GS,weather constraint,14,9,13,9.589005530295365,0.6724137931034483,0.074074074074074,1021
2447,ORD,GDP,weather constraint,13,8,12,9.589005530295365,0.6724137931034483,0.074074074074074,1021
2448,ORD,GS,weather constraint,12,7,11,9.589005530295365,0.6724137931034483,0.074074074074074,1022
2449,LGA,GS,facility constraint,1,1,-6,1.903803268265598,0.2121212121212121,0.0,416
2450,EWR,GS,facility constraint,1,4,-6,1.2198273060722435,0.2307692307692307,0.0,369
2451,JFK,GS,weather constraint,2,3,-6,1.901250013289793,0.3333333333333333,0.0,315
2452,ORD,GS,facility constraint,1,-4,0,9.589005530295365,0.6724137931034483,0.074074074074074,932
2453,ORD,GS,weather constraint,13,13,4,12.607638440239029,1.0,0.8771929824561403,1057
2454,ORD,GS,weather constraint,12,12,3,12.607638440239029,1.0,0.8771929824561403,1038
2455,DFW,GS,weather constraint,8,13,0,7.292515987855078,1.0,0.1428571428571428,953
2456,ORD,GS,weather constraint,11,11,2,12.607638440239029,1.0,0.8771929824561403,1073
2457,DFW,GS,weather constraint,7,12,-1,7.292515987855078,1.0,0.1428571428571428,960
2458,ORD,GDP,weather constraint,17,17,8,12.607638440239029,1.0,0.8771929824561403,970
2459,DFW,GS,weather constraint,7,12,-1,7.292515987855078,1.0,0.1428571428571428,960
2460,DFW,GDP,facility constraint,5,10,-3,7.292515987855078,1.0,0.1428571428571428,981
2461,DFW,GS,facility constraint,15,12,7,7.292515987855078,0.5571428571428572,0.1428571428571428,891
2462,ORD,GS,weather constraint,18,18,9,12.607638440239029,1.0,0.8771929824561403,968
2463,EWR,GS,demand constraint,0,4,3,1.011458992420981,0.5882352941176471,0.0714285714285714,258
2464,EWR,GDP,weather constraint,0,4,3,1.011458992420981,0.5882352941176471,0.0714285714285714,258
2465,ORD,GS,runway or surface constraint,-6,0,-2,9.911338455815272,0.65,0.238095238095238,767
2466,DEN,GS,weather constraint,-6,-6,-2,5.744053341515271e-18,0.2022471910112359,0.0298507462686567,683
2467,DFW,GS,facility constraint,4,9,-4,7.292515987855078,1.0,0.1428571428571428,936
2468,ORD,GDP,facility constraint,17,17,8,12.607638440239029,1.0,0.8771929824561403,970
2469,SFO,GDP,other constraint,3,6,7,3.694135241966627,0.5,0.5,437
2470,ORD,GS,facility constraint,2,2,-3,12.607638440239029,1.0,0.8163265306122449,1036
2471,ORD,GS,demand constraint,0,0,-5,12.607638440239029,1.0,0.8163265306122449,901
2472,ORD,GS,other constraint,0,0,-5,12.607638440239029,1.0,0.8163265306122449,901
2473,ORD,GS,other constraint,-4,-4,-6,12.607638440239029,1.0,0.5384615384615384,753
2474,ORD,GS,weather constraint,-5,-5,-6,12.607638440239029,1.0,0.5,740
2475,ORD,GDP,weather constraint,-6,-6,-5,12.607638440239029,1.0,0.5,738
2476,ORD,GDP,weather constraint,-6,-6,-5,12.607638440239029,1.0,0.5,738
2477,ORD,GDP,facility constraint,-6,-5,17,7.669204762220541,0.65,0.1951219512195122,786
2478,ORD,GS,weather constraint,-6,-3,-5,8.497733808554617,0.65,0.238095238095238,788
2479,ORD,GDP,weather constraint,6,6,5,8.87514083275413,0.75,0.4629629629629629,1025
2480,DFW,GS,weather constraint,1,10,7,1.598843623051416,0.3888888888888889,0.09375,986
2481,LGA,GDP,weather constraint,10,9,0,8.30892400106505,0.6842105263157895,0.074074074074074,446
2482,EWR,GDP,weather constraint,9,5,-2,8.062943826844663,0.55,0.0909090909090909,373
2483,ORD,GS,weather constraint,3,3,2,8.87514083275413,0.75,0.4629629629629629,1028
2484,ORD,GS,other constraint,2,2,1,8.87514083275413,0.75,0.4629629629629629,1028
2485,DEN,GDP,weather constraint,11,10,3,9.176131580080591,0.3376623376623376,0.0384615384615384,755
2486,DEN,GS,weather constraint,3,2,-5,9.176131580080591,0.3376623376623376,0.0384615384615384,846
2487,ORD,GS,weather constraint,1,2,1,2.082546285205707,0.5277777777777778,0.037037037037037,932
2488,DEN,GS,weather constraint,2,1,-6,9.176131580080591,0.3376623376623376,0.0384615384615384,788
2489,LGA,GDP,weather constraint,11,8,-5,9.901197085348963,0.6,0.0,428
2490,EWR,GDP,weather constraint,9,8,-6,8.696021710243414,0.3333333333333333,0.0,377
2491,JFK,GDP,weather constraint,5,1,-3,5.281586181447362,0.3333333333333333,0.0476190476190476,306
2492,ORD,GS,weather constraint,1,2,1,2.082546285205707,0.5277777777777778,0.037037037037037,932
2493,EWR,GDP,weather constraint,4,3,17,8.696021710243414,0.3333333333333333,0.1,387
2494,DFW,GS,facility constraint,1,3,1,1.5779496648753566,0.2068965517241379,0.0208333333333333,771
2495,ORD,GDP,weather constraint,14,7,0,10.748556240816313,0.8333333333333334,0.2647058823529412,962
2496,ATL,GS,weather constraint,9,18,12,8.008595246563955,1.0,0.2238805970149253,911
2497,ORD,GDP,weather constraint,14,7,0,10.748556240816313,0.8333333333333334,0.2647058823529412,962
2498,ATL,GS,weather constraint,9,18,12,8.008595246563955,1.0,0.2238805970149253,911
2499,ORD,GS,weather constraint,13,6,-1,10.748556240816313,0.8333333333333334,0.2647058823529412,957
2500,CLT,GS,facility constraint,3,15,12,2.5668437500000025,0.6666666666666666,0.1333333333333333,539
2501,DFW,GS,weather constraint,1,16,-2,1.808540117280849,0.375,0.0588235294117647,881
2502,ATL,GS,weather constraint,7,16,10,8.008595246563955,1.0,0.2238805970149253,910
2503,CLT,GS,facility constraint,2,14,11,2.5668437500000025,0.6666666666666666,0.1333333333333333,539
2504,ATL,GDP,other constraint,6,15,18,8.008595246563955,1.0,1.0,911
2505,CLT,GS,facility constraint,2,14,11,2.5668437500000025,0.6666666666666666,0.1333333333333333,539
2506,ORD,GS,weather constraint,9,2,-5,10.748556240816313,0.8333333333333334,0.2647058823529412,963
2507,EWR,GS,facility constraint,5,7,7,4.943433720350362,0.6666666666666666,0.3333333333333333,371
2508,EWR,GDP,facility constraint,4,6,6,4.943433720350362,0.6666666666666666,0.3333333333333333,385
2509,ORD,GS,facility constraint,1,-6,-5,10.748556240816313,0.8333333333333334,0.1944444444444444,1019
2510,SFO,GDP,weather constraint,3,3,8,3.478964779677325,0.15625,0.1428571428571428,392
2511,LGA,GS,demand constraint,3,2,4,2.1174649163442005,0.3043478260869565,0.1,456
2512,EWR,GS,demand constraint,1,18,-3,3.593755856602059,0.1333333333333333,0.0416666666666666,375
2513,EWR,GS,demand constraint,0,17,-4,3.593755856602059,0.1333333333333333,0.0416666666666666,368
2514,LGA,GS,demand constraint,1,0,2,2.1174649163442005,0.3043478260869565,0.1,455
2515,DEN,GS,weather constraint,1,13,0,1.4211644605645632,0.1111111111111111,0.0158730158730158,739
2516,LGA,GS,demand constraint,4,-3,6,2.0652742343369646,0.1071428571428571,0.0857142857142857,447
2517,SFO,GS,runway or surface constraint,1,2,9,1.7082748206398826,0.0909090909090909,0.0526315789473684,362
2518,EWR,GS,demand constraint,8,5,-6,7.088190162193543,0.25,0.0,371
2519,EWR,GDP,demand constraint,7,4,-6,7.088190162193543,0.25,0.0,366
2520,LGA,GS,demand constraint,18,18,3,4.573408155180501,0.1724137931034483,0.0857142857142857,454
2521,LGA,GDP,weather constraint,16,8,15,12.08088120447773,0.96,0.05,428
2522,SFO,GDP,facility constraint,3,11,0,3.977662081514464,0.15,0.0625,389
2523,DEN,GDP,weather constraint,10,3,3,8.69654415006704,0.6625,0.0125,816
2524,LGA,GS,demand constraint,14,6,13,12.08088120447773,0.96,0.05,428
2525,LGA,GS,weather constraint,11,3,10,12.08088120447773,0.96,0.05,428
2526,JFK,GDP,weather constraint,7,5,3,6.715832640265985,0.5882352941176471,0.0625,311
2527,EWR,GS,demand constraint,9,7,4,9.783081062641518,0.7,0.05,374
2528,EWR,GS,demand constraint,9,7,4,9.783081062641518,0.7,0.05,374
2529,EWR,GDP,facility constraint,8,6,3,9.783081062641518,0.7,0.05,389
2530,LGA,GDP,weather constraint,16,8,15,12.08088120447773,0.96,0.05,428
2531,LGA,GS,other constraint,1,16,1,10.515047740901542,0.2631578947368421,0.0454545454545454,427
2532,EWR,GDP,demand constraint,7,11,-6,10.046666704353736,0.6666666666666666,0.0,378
2533,DEN,GS,facility constraint,5,3,3,7.111491769622133,0.1944444444444444,0.0277777777777777,941
2534,DEN,GDP,facility constraint,4,2,2,7.111491769622133,0.1944444444444444,0.0277777777777777,886
2535,JFK,GDP,weather constraint,14,15,10,12.044562705809971,1.0,0.6,288
2536,JFK,GS,other constraint,7,8,3,12.044562705809971,1.0,0.6,306
2537,JFK,GS,other constraint,7,8,3,12.044562705809971,1.0,0.6,306
2538,EWR,GS,weather constraint,18,6,10,13.08801286480017,0.9,0.3529411764705882,359
2539,EWR,GDP,weather constraint,18,5,9,13.43361222156016,0.9,0.3529411764705882,359
2540,LGA,GDP,weather constraint,15,5,9,11.601909515682413,0.6538461538461539,0.6521739130434783,406
2541,JFK,GS,other constraint,17,18,13,12.044562705809971,1.0,0.6,288
2542,LGA,GS,weather constraint,15,5,9,11.601909515682413,0.6538461538461539,0.6521739130434783,406
2543,JFK,GS,other constraint,17,18,13,12.044562705809971,1.0,0.6,288
2544,LGA,GS,weather constraint,15,5,9,11.601909515682413,0.6538461538461539,0.6521739130434783,406
2545,JFK,GDP,weather constraint,14,15,10,12.044562705809971,1.0,0.6,288
2546,LGA,GDP,weather constraint,15,5,9,11.601909515682413,0.6538461538461539,0.6521739130434783,406
2547,EWR,GDP,weather constraint,18,5,9,13.43361222156016,0.9,0.3529411764705882,359
2548,JFK,GS,weather constraint,9,10,5,12.044562705809971,1.0,0.6,304
2549,SFO,GDP,weather constraint,4,6,2,3.9243022987576324,0.2142857142857142,0.0666666666666666,390
2550,EWR,GDP,demand constraint,7,10,-6,11.293240041638695,0.3333333333333333,0.0833333333333333,373
2551,EWR,GS,demand constraint,10,7,-6,8.95322410689386,0.28,0.0,371
2552,EWR,GDP,facility constraint,9,6,-6,8.95322410689386,0.28,0.0,368
2553,DFW,GDP,facility constraint,3,7,-3,3.193212967301801,0.6666666666666666,0.0357142857142857,876
2554,DEN,GDP,weather constraint,3,2,2,3.7242139368375535,0.6944444444444444,0.0416666666666666,812
2555,DEN,GS,weather constraint,1,0,0,3.7242139368375535,0.6944444444444444,0.0416666666666666,813
2556,DEN,GS,weather constraint,0,-1,-1,3.7242139368375535,0.6944444444444444,0.0416666666666666,855
2557,LGA,GS,demand constraint,18,6,17,1.7904436461108355,0.1428571428571428,0.05,439
2558,EWR,GDP,demand constraint,7,5,17,9.329167879210397,0.3888888888888889,0.0714285714285714,373
2559,JFK,GDP,facility constraint,8,6,0,7.40390883644784,0.6111111111111112,0.1764705882352941,317
2560,SFO,GDP,weather constraint,4,1,5,4.563282190244963,0.375,0.0909090909090909,428
2561,EWR,GS,weather constraint,10,6,-3,10.866175708874295,0.631578947368421,0.1666666666666666,363
2562,LGA,GS,weather constraint,7,5,3,11.563672236143333,0.8333333333333334,0.40625,424
2563,LGA,GS,weather constraint,7,5,3,11.563672236143333,0.8333333333333334,0.40625,424
2564,EWR,GS,weather constraint,9,5,-4,10.866175708874295,0.631578947368421,0.1666666666666666,372
2565,LGA,GS,weather constraint,7,5,3,11.563672236143333,0.8333333333333334,0.40625,424
2566,LGA,GDP,weather constraint,15,13,11,11.563672236143333,0.8333333333333334,0.40625,418
2567,EWR,GDP,weather constraint,8,4,-5,10.866175708874295,0.631578947368421,0.1666666666666666,362
2568,LGA,GS,weather constraint,6,4,2,11.563672236143333,0.8333333333333334,0.40625,412
2569,LGA,GS,weather constraint,16,14,12,11.563672236143333,0.8333333333333334,0.40625,418
2570,DEN,GS,weather constraint,14,6,18,10.97892161341179,0.8666666666666667,0.25,933
2571,DEN,GS,weather constraint,14,6,18,10.97892161341179,0.8666666666666667,0.25,933
2572,LGA,GS,weather constraint,14,12,10,11.563672236143333,0.8333333333333334,0.40625,418
2573,DEN,GS,weather constraint,14,6,18,10.97892161341179,0.8666666666666667,0.25,933
2574,LGA,GS,weather constraint,13,11,9,11.563672236143333,0.8333333333333334,0.40625,418
2575,DEN,GS,weather constraint,12,4,16,10.97892161341179,0.8666666666666667,0.25,934
2576,DEN,GDP,weather constraint,10,2,14,10.97892161341179,0.8666666666666667,0.25,933
2577,LGA,GDP,demand constraint,3,-5,-5,8.768399288674672,0.3333333333333333,0.1666666666666666,319
2578,JFK,GDP,facility constraint,4,4,-3,6.669574700780953,0.5,0.1,305
2579,SFO,GDP,weather constraint,4,11,4,5.503017578872409,1.0,0.0588235294117647,436
2580,DEN,GS,weather constraint,1,-5,5,10.97892161341179,0.8333333333333334,0.25,982
2581,DEN,GS,weather constraint,1,-5,5,10.97892161341179,0.8333333333333334,0.25,982
2582,LAX,GS,weather constraint,1,4,9,1.225,1.0,0.1111111111111111,572
2583,SFO,GS,facility constraint,16,-2,-6,6.403890615241393,1.0,0.0,397
2584,LGA,GS,demand constraint,3,-5,-5,8.768399288674672,0.3333333333333333,0.1666666666666666,319
2585,SFO,GDP,weather constraint,18,18,13,8.42117940954598,0.6,0.05,412
2586,SFO,GDP,weather constraint,15,9,11,13.067332399681236,0.76,0.16,412
2587,JFK,GDP,weather constraint,5,14,13,7.552896727581361,0.2727272727272727,0.1428571428571428,310
2588,SFO,GS,weather constraint,3,-3,-1,13.067332399681236,0.76,0.16,425
2589,SFO,GS,weather constraint,2,-4,-2,13.067332399681236,0.76,0.16,449
2590,SFO,GDP,weather constraint,14,11,-1,11.022167454011887,0.375,0.1,415
2591,SFO,GS,weather constraint,13,10,-2,11.022167454011887,0.375,0.1,415
2592,SFO,GS,weather constraint,13,10,-2,11.022167454011887,0.375,0.1,415
2593,SFO,GDP,weather constraint,16,15,13,14.855945216611952,0.7058823529411765,0.125,414
2594,SFO,GDP,weather constraint,18,15,-6,11.408489361068117,0.4285714285714285,0.0666666666666666,428
2595,EWR,GDP,weather constraint,8,4,-6,6.879841402422361,0.5,0.0,353
2596,SFO,GS,facility constraint,2,1,-1,14.855945216611952,0.7058823529411765,0.125,443
2597,EWR,GDP,facility constraint,3,0,10,5.70204651203213,0.2222222222222222,0.3333333333333333,328
2598,SFO,GDP,weather constraint,18,17,18,9.1323380725095,0.5416666666666666,0.0588235294117647,351
2599,SFO,GS,weather constraint,18,18,17,9.675721168884024,0.8,0.0588235294117647,349
2600,SFO,GDP,weather constraint,15,6,5,13.476462694190205,0.8,0.0588235294117647,344
2601,SFO,GDP,weather constraint,15,6,14,15.132445820579147,0.6923076923076923,0.2352941176470588,412
2602,JFK,GDP,other constraint,7,16,-4,6.722351482444464,0.625,1.0,287
2603,LGA,GDP,other constraint,6,15,1,6.018438022677968,0.3333333333333333,0.3333333333333333,292
2604,EWR,GS,weather constraint,5,-1,-5,5.157297188706903,0.5454545454545454,0.5,336
2605,LGA,GDP,weather constraint,6,15,1,6.018438022677968,0.3333333333333333,0.3333333333333333,292
2606,EWR,GDP,weather constraint,4,-2,-6,5.157297188706903,0.5454545454545454,0.5,331
2607,JFK,GDP,other constraint,7,16,-4,6.722351482444464,0.625,1.0,287
2608,ORD,GS,weather constraint,10,7,4,9.176131580141092,0.5679012345679012,0.131578947368421,959
2609,ORD,GDP,weather constraint,9,6,18,9.176131580141092,0.5679012345679012,0.1578947368421052,980
2610,EWR,GDP,weather constraint,5,9,5,6.183118014865138,1.0,0.1111111111111111,368
2611,ORD,GS,weather constraint,4,1,14,9.176131580141092,0.5679012345679012,0.1935483870967742,993
2612,ATL,GS,weather constraint,1,18,8,1.2125000000715263,0.5,0.1666666666666666,830
2613,ORD,GS,weather constraint,11,8,5,9.176131580141092,0.5679012345679012,0.131578947368421,945
2614,ORD,GS,weather constraint,11,8,5,9.176131580141092,0.5679012345679012,0.131578947368421,945
2615,CLT,GS,weather constraint,1,0,2,1.3325000000036171,0.2727272727272727,0.0625,557
2616,JFK,GDP,weather constraint,4,4,6,4.850869576702701,0.4705882352941176,0.2,301
2617,EWR,GDP,weather constraint,9,8,7,9.723727015271113,0.2105263157894736,0.0909090909090909,363
2618,LGA,GS,weather constraint,1,-1,-6,1.6920793153359708,0.4705882352941176,0.0869565217391304,342
2619,JFK,GDP,weather constraint,5,11,2,6.117560492604388,1.0,0.0625,292
2620,ORD,GS,other constraint,3,1,10,3.3319030509031564,0.5862068965517241,0.1212121212121212,983
2621,ORD,GS,other constraint,3,1,10,3.3319030509031564,0.5862068965517241,0.1212121212121212,983
2622,ORD,GS,facility constraint,1,-1,8,3.3319030509031564,0.5862068965517241,0.1212121212121212,968
